Steve_Nash_0001.jpg,anger
Susilo_Bambang_Yudhoyono_0002.jpg,anger
Larry_Lindsey_0002.jpg,anger
Mike_Krzyzewski_0002.jpg,anger
Geno_Auriemma_0001.jpg,anger
George_W_Bush_0148.jpg,anger
JJ_Redick_0002.jpg,anger
Svetislav_Pesic_0001.jpg,anger
Takashi_Sorimachi_0001.jpg,anger
Jayamadhuri_125.jpg,anger
Dwarakish_106.jpg,anger
Jennifer_Capriati_0007.jpg,anger
Steven_Curtis_Chapman_0001.jpg,anger
Jennifer_Capriati_0016.jpg,anger
Atal_Bihari_Vajpayee_0010.jpg,anger
Fernando_Gonzalez_0001.jpg,anger
Tim_Henman_0009.jpg,anger
Pascal_Rheaume_0001.jpg,anger
Dennis_Kucinich_0004.jpg,anger
George_W_Bush_0266.jpg,anger
Thomas_OBrien_0002.jpg,anger
Spencer_Abraham_0017.jpg,anger
Lon_Kruger_0001.jpg,anger
Jennifer_Capriati_0028.jpg,anger
Tiger_Woods_0019.jpg,anger
Sonja_Kesselschlager_0001.jpg,anger
Jean-Pierre_Raffarin_0003.jpg,anger
Terry_Stotts_0002.jpg,anger
Ted_Maher_0001.jpg,anger
Jennifer_Capriati_0012.jpg,anger
Colin_Powell_0030.jpg,anger
Tassos_Papadopoulos_0001.jpg,anger
Carlos_Ortega_0001.jpg,anger
Tim_Henman_0010.jpg,anger
Tang_Jiaxuan_0009.jpg,anger
Dileep_91.jpg,anger
James_Blake_0013.jpg,anger
Jennifer_Capriati_0019.jpg,anger
Jude_Law_0002.jpg,anger
Svend_Robinson_0001.jpg,anger
Susan_Walvius_0001.jpg,anger
Kim_Clijsters_0008.jpg,anger
Serena_Williams_0028.jpg,anger
Dileep_33.jpg,anger
Filippo_Inzaghi_0001.jpg,anger
Lindsay_Davenport_0001.jpg,anger
Steven_Hatfill_0002.jpg,anger
Tracy_McGrady_0002.jpg,anger
Colin_Powell_0007.jpg,anger
Stefan_Holm_0001.jpg,anger
Kim_Clijsters_0011.jpg,anger
Jennifer_Capriati_0036.jpg,anger
Thomas_Wyman_0002.jpg,anger
Saeb_Erekat_0002.jpg,anger
Spike_Lee_0001.jpg,anger
George_W_Bush_0042.jpg,anger
Taufik_Hidayat_0001.jpg,anger
Kurt_Suzuki_0001.jpg,anger
Rose_Marie_0001.jpg,anger
Steve_Lenard_0001.jpg,anger
Yevgeny_Kafelnikov_0003.jpg,anger
Tim_Henman_0012.jpg,anger
Tali_Imani_0001.jpg,anger
Shane_Warne_0001.jpg,anger
Spencer_Abraham_0010.jpg,anger
Theresa_May_0003.jpg,anger
George_W_Bush_0306.jpg,anger
