Gloria_Macapagal_Arroyo_0037.jpg,happiness
Megawati_Sukarnoputri_0025.jpg,happiness
Jonathan_Edwards_0001.jpg,happiness
Michael_Caine_0001.jpg,happiness
Carolina_Moraes_0002.jpg,happiness
Nestor_Kirchner_0019.jpg,happiness
Milt_Palacio_0001.jpg,happiness
Tina_Conner_0001.jpg,happiness
Jodie_Foster_0001.jpg,happiness
Halle_Berry_0009.jpg,happiness
HrithikRoshan_85.jpg,happiness
Catherine_Deneuve_0001.jpg,happiness
Bryan_Chui_0001.jpg,happiness
Steve_Avery_0001.jpg,happiness
Alexandre_Daigle_0001.jpg,happiness
Bob_Melvin_0001.jpg,happiness
Gerhard_Schroeder_0061.jpg,happiness
KatrinaKaif_10.jpg,happiness
Laura_Bush_0020.jpg,happiness
Phil_Vassar_0002.jpg,happiness
Marco_Antonio_Barrera_0005.jpg,happiness
Queen_Elizabeth_II_0003.jpg,happiness
Paula_Abdul_0001.jpg,happiness
Linda_Franklin_0001.jpg,happiness
Matt_Damon_0003.jpg,happiness
Gary_Carter_0003.jpg,happiness
Tony_Blair_0050.jpg,happiness
Robbie_Fowler_0001.jpg,happiness
Junichiro_Koizumi_0030.jpg,happiness
Chang_Sang_0001.jpg,happiness
Willie_Nelson_0001.jpg,happiness
Michelle_Kwan_0004.jpg,happiness
Liu_Ye_0001.jpg,happiness
Doris_Roberts_0002.jpg,happiness
Allan_Kemakeza_0001.jpg,happiness
Rubens_Barrichello_0001.jpg,happiness
T_Boone_Pickens_0001.jpg,happiness
Tang_Jiaxuan_0008.jpg,happiness
Bridget_Fonda_0001.jpg,happiness
Craig_Fitzgibbon_0001.jpg,happiness
Jim_Taylor_0001.jpg,happiness
Gao_Qiang_0002.jpg,happiness
Joschka_Fischer_0017.jpg,happiness
HrithikRoshan_132.jpg,happiness
SharmilaTagore_49.jpg,happiness
Tim_Conway_0002.jpg,happiness
Gerhard_Schroeder_0002.jpg,happiness
Francois_Ozon_0001.jpg,happiness
Jean_Chretien_0014.jpg,happiness
Sally_Ride_0001.jpg,happiness
Pete_Sampras_0022.jpg,happiness
Robert_De_Niro_0002.jpg,happiness
George_Clooney_0001.jpg,happiness
Marisa_Tomei_0001.jpg,happiness
Arnold_Schwarzenegger_0003.jpg,happiness
Juan_Pablo_Montoya_0006.jpg,happiness
Camille_Colvin_0001.jpg,happiness
Megawati_Sukarnoputri_0018.jpg,happiness
Vanessa_Redgrave_0005.jpg,happiness
Guido_Westerwelle_0001.jpg,happiness
Recep_Tayyip_Erdogan_0001.jpg,happiness
Dwayne_Johnson_0001.jpg,happiness
Kenneth_Carlsen_0001.jpg,happiness
Sidney_Poitier_0001.jpg,happiness
HrithikRoshan_71.jpg,happiness
Philippe_Noiret_0001.jpg,happiness
Daniel_Zelman_0001.jpg,happiness
David_Stern_0004.jpg,happiness
Arnold_Schwarzenegger_0033.jpg,happiness
Eliza_Manningham-Buller_0001.jpg,happiness
Renee_Zellweger_0001.jpg,happiness
Justine_Pasek_0006.jpg,happiness
Richard_Chamberlain_0001.jpg,happiness
FaridaJalal_34.jpg,happiness
Nicole_Kidman_0001.jpg,happiness
Sylvester_Stallone_0002.jpg,happiness
Mireya_Moscoso_0003.jpg,happiness
David_Alpay_0001.jpg,happiness
Stanley_Ho_0001.jpg,happiness
Carlos_Menem_0007.jpg,happiness
Dwarakish_132.jpg,happiness
Norman_Jewison_0002.jpg,happiness
Laura_Bush_0022.jpg,happiness
Valerie_Harper_0002.jpg,happiness
Stephen_Webster_0001.jpg,happiness
Cristina_Saralegui_0001.jpg,happiness
Gene_Robinson_0001.jpg,happiness
Antonio_Banderas_0002.jpg,happiness
Shia_LaBeouf_0002.jpg,happiness
Lucio_Gutierrez_0005.jpg,happiness
Megawati_Sukarnoputri_0021.jpg,happiness
Colin_Powell_0203.jpg,happiness
Dan_Kellner_0001.jpg,happiness
Wen_Jiabao_0010.jpg,happiness
Mehdi_Baala_0001.jpg,happiness
Tim_Henman_0003.jpg,happiness
Paul_Reiser_0001.jpg,happiness
Emanuel_Ginobili_0003.jpg,happiness
Daniel_Osorno_0001.jpg,happiness
SharmilaTagore_33.jpg,happiness
Martha_Lucia_Ramirez_0001.jpg,happiness
Shimon_Peres_0008.jpg,happiness
Christiane_Wulff_0001.jpg,happiness
Faye_Dunaway_0002.jpg,happiness
Ann_Veneman_0005.jpg,happiness
Gloria_Macapagal_Arroyo_0013.jpg,happiness
Karen_Allen_0001.jpg,happiness
Roseanne_Barr_0002.jpg,happiness
Catherine_Deneuve_0005.jpg,happiness
Edmund_Stoiber_0007.jpg,happiness
Kathleen_Kennedy_Townsend_0003.jpg,happiness
Mohammad_Fares_0001.jpg,happiness
Mary_Tyler_Moore_0001.jpg,happiness
Junichiro_Koizumi_0055.jpg,happiness
Hillary_Clinton_0006.jpg,happiness
Jayamadhuri_76.jpg,happiness
Lily_Tomlin_0002.jpg,happiness
Serena_Williams_0048.jpg,happiness
Gavin_Degraw_0001.jpg,happiness
Amy_Pascal_0001.jpg,happiness
Sherry_Fisher_0001.jpg,happiness
Bode_Miller_0001.jpg,happiness
George_W_Bush_0206.jpg,happiness
Fredric_Seaman_0001.jpg,happiness
Richard_Hellfant_0001.jpg,happiness
Justine_Pasek_0001.jpg,happiness
Giulietta_Masina_0001.jpg,happiness
Kamal_Kharrazi_0006.jpg,happiness
Hugo_Chavez_0038.jpg,happiness
HrithikRoshan_190.jpg,happiness
Ray_Romano_0003.jpg,happiness
Sergio_Garcia_0002.jpg,happiness
Pedro_Velasquez_0001.jpg,happiness
Michael_Lechner_0001.jpg,happiness
Gloria_Macapagal_Arroyo_0030.jpg,happiness
Edmund_Stoiber_0003.jpg,happiness
SharmilaTagore_40.jpg,happiness
Prince_Harry_0003.jpg,happiness
Hosni_Mubarak_0002.jpg,happiness
Colin_Powell_0004.jpg,happiness
Calista_Flockhart_0004.jpg,happiness
Bernard_Kerik_0001.jpg,happiness
Vincent_Sombrotto_0001.jpg,happiness
Leigh_Winchell_0001.jpg,happiness
Lee_Yuan-tseh_0001.jpg,happiness
Kimberly_Stewart_0001.jpg,happiness
Dwarakish_117.jpg,happiness
Casey_Crowder_0001.jpg,happiness
Laura_Bush_0017.jpg,happiness
SharmilaTagore_70.jpg,happiness
Lee_Nam-shin_0001.jpg,happiness
Richard_Virenque_0006.jpg,happiness
Gerhard_Schroeder_0107.jpg,happiness
Donatella_Versace_0003.jpg,happiness
Bill_Gates_0002.jpg,happiness
Ronald_Perelman_0001.jpg,happiness
Tim_Allen_0002.jpg,happiness
Alyse_Beaupre_0001.jpg,happiness
Tim_Allen_0003.jpg,happiness
Bill_Frist_0003.jpg,happiness
Tony_Blair_0013.jpg,happiness
Zhang_Ziyi_0002.jpg,happiness
Gavyn_Davies_0001.jpg,happiness
Carrie-Anne_Moss_0003.jpg,happiness
Adrien_Brody_0003.jpg,happiness
Sammy_Sosa_0001.jpg,happiness
Tony_Blair_0098.jpg,happiness
Juan_Pablo_Montoya_0002.jpg,happiness
Sylvester_Stallone_0006.jpg,happiness
Arnold_Schwarzenegger_0022.jpg,happiness
Francis_Ford_Coppola_0001.jpg,happiness
Steve_Valentine_0001.jpg,happiness
Miguel_Aldana_Ibarra_0001.jpg,happiness
Michael_Bolton_0001.jpg,happiness
George_W_Bush_0305.jpg,happiness
SharmilaTagore_30.jpg,happiness
Michael_Phelps_0002.jpg,happiness
Yolanda_King_0001.jpg,happiness
Piotr_Anderszewski_0001.jpg,happiness
Angela_Bassett_0005.jpg,happiness
Jennifer_Aniston_0016.jpg,happiness
Tim_Blake_Nelson_0001.jpg,happiness
Mariah_Carey_0004.jpg,happiness
Colin_Powell_0035.jpg,happiness
Chris_Noth_0001.jpg,happiness
Alexandra_Spann_0001.jpg,happiness
Sylvester_Stallone_0009.jpg,happiness
Lee_Tae-sik_0001.jpg,happiness
Matt_Damon_0001.jpg,happiness
Franco_Dragone_0002.jpg,happiness
Paul_Hogan_0001.jpg,happiness
Bashar_Assad_0002.jpg,happiness
Nestor_Kirchner_0035.jpg,happiness
John_Travolta_0006.jpg,happiness
Amelia_Vega_0007.jpg,happiness
Ivan_Lee_0001.jpg,happiness
Halle_Berry_0007.jpg,happiness
FaridaJalal_22.jpg,happiness
Mark_Broxmeyer_0001.jpg,happiness
Brett_Hull_0001.jpg,happiness
Margie_Puente_0001.jpg,happiness
Christopher_Patten_0001.jpg,happiness
Dalai_Lama_0001.jpg,happiness
Uzi_Landau_0001.jpg,happiness
John_Lithgow_0001.jpg,happiness
Adrien_Brody_0006.jpg,happiness
Mike_Smith_0001.jpg,happiness
Colin_Jackson_0001.jpg,happiness
Hana_Makhmalbaf_0001.jpg,happiness
Mark_Mariscal_0001.jpg,happiness
Queen_Elizabeth_II_0007.jpg,happiness
Candice_Bergen_0001.jpg,happiness
Colin_Powell_0076.jpg,happiness
Pamela_Anderson_0002.jpg,happiness
Gerhard_Schroeder_0004.jpg,happiness
Greg_Owen_0002.jpg,happiness
Yoriko_Kawaguchi_0013.jpg,happiness
Daniela_Cicarelli_0001.jpg,happiness
Edmund_Hillary_0001.jpg,happiness
Christine_Todd_Whitman_0002.jpg,happiness
Jennifer_Aniston_0014.jpg,happiness
Colin_Powell_0013.jpg,happiness
Cecilia_Bolocco_0003.jpg,happiness
Gerhard_Schroeder_0038.jpg,happiness
HrithikRoshan_75.jpg,happiness
Marilyn_Monroe_0002.jpg,happiness
Bob_Alper_0001.jpg,happiness
Queen_Silvia_0001.jpg,happiness
Atiabet_Ijan_Amabel_0001.jpg,happiness
Peter_Max_0001.jpg,happiness
Tony_Blair_0105.jpg,happiness
Rogerio_Romero_0001.jpg,happiness
Tang_Jiaxuan_0001.jpg,happiness
Pervez_Musharraf_0009.jpg,happiness
Vagit_Alekperov_0001.jpg,happiness
Chakib_Khelil_0001.jpg,happiness
Gerhard_Schroeder_0099.jpg,happiness
Rachel_Griffiths_0002.jpg,happiness
Sandy_Wise_0001.jpg,happiness
Zico_0003.jpg,happiness
Kristin_Davis_0001.jpg,happiness
David_Kelley_0002.jpg,happiness
Stacy_Dragila_0001.jpg,happiness
Rosalie_Perkov_0001.jpg,happiness
Tony_Blair_0127.jpg,happiness
Lemuel_Montulo_0001.jpg,happiness
Mahmoud_Abbas_0019.jpg,happiness
Jackie_Chan_0002.jpg,happiness
Nestor_Kirchner_0002.jpg,happiness
Szu_Yu_Chen_0001.jpg,happiness
Frank_Coraci_0001.jpg,happiness
Bob_Graham_0006.jpg,happiness
Jayamadhuri_186.jpg,happiness
Meg_Mallon_0001.jpg,happiness
Natalie_Cole_0003.jpg,happiness
Jiang_Zemin_0015.jpg,happiness
Debra_Messing_0002.jpg,happiness
Renee_Zellweger_0007.jpg,happiness
Jackie_Chan_0013.jpg,happiness
Renee_Zellweger_0014.jpg,happiness
FaridaJalal_50.jpg,happiness
Richard_Norton-Taylor_0001.jpg,happiness
HrithikRoshan_204.jpg,happiness
Magui_Serna_0002.jpg,happiness
Amelia_Vega_0002.jpg,happiness
Mehmet_Ali_Sahin_0001.jpg,happiness
Laila_Ali_0003.jpg,happiness
Tex_Ritter_0001.jpg,happiness
Hugh_Grant_0001.jpg,happiness
Jade_Jagger_0001.jpg,happiness
Shania_Twain_0001.jpg,happiness
Clay_Campbell_0001.jpg,happiness
Jack_Straw_0003.jpg,happiness
Cuba_Gooding_Jr_0001.jpg,happiness
Gerhard_Schroeder_0051.jpg,happiness
Tony_Blair_0015.jpg,happiness
Brian_Meadors_0001.jpg,happiness
George_W_Bush_0092.jpg,happiness
William_Shatner_0001.jpg,happiness
HrithikRoshan_24.jpg,happiness
Glen_DaSilva_0001.jpg,happiness
Richard_Greenberg_0001.jpg,happiness
Pierce_Brosnan_0011.jpg,happiness
Spencer_Abraham_0013.jpg,happiness
Maria_Shriver_0003.jpg,happiness
Judy_Spreckels_0001.jpg,happiness
Margaret_Caruso_0001.jpg,happiness
Tommy_Haas_0003.jpg,happiness
Stefano_Basalini_0001.jpg,happiness
Jackie_Chan_0011.jpg,happiness
HrithikRoshan_4.jpg,happiness
Rudolf_Schuster_0001.jpg,happiness
Janica_Kostelic_0001.jpg,happiness
Wilson_Alvarez_0001.jpg,happiness
Jennifer_Aniston_0018.jpg,happiness
Tom_Ridge_0011.jpg,happiness
Serena_Williams_0043.jpg,happiness
Aaron_Peirsol_0002.jpg,happiness
Jason_Lezak_0001.jpg,happiness
George_W_Bush_0332.jpg,happiness
Mickey_Rooney_0001.jpg,happiness
Leah_Remini_0001.jpg,happiness
Candice_Beatty_0001.jpg,happiness
Joschka_Fischer_0014.jpg,happiness
Arianna_Huffington_0004.jpg,happiness
Nicanor_Duarte_Frutos_0007.jpg,happiness
Mario_Gallegos_0001.jpg,happiness
Roy_Rogers_0001.jpg,happiness
Yashwant_Sinha_0007.jpg,happiness
Nicole_Kidman_0010.jpg,happiness
Peter_Camejo_0001.jpg,happiness
Robin_McLaurin_Williams_0002.jpg,happiness
Sally_Kirkland_0001.jpg,happiness
Claudia_Schiffer_0002.jpg,happiness
Bobby_Bowden_0001.jpg,happiness
Takashi_Yamamoto_0001.jpg,happiness
Colin_Cowie_0001.jpg,happiness
Sonia_Lopez_0001.jpg,happiness
Carlos_Menem_0017.jpg,happiness
Faisal_Iqbal_0001.jpg,happiness
James_Caan_0003.jpg,happiness
KatrinaKaif_48.jpg,happiness
Brian_Van_Dusen_0001.jpg,happiness
Jamling_Norgay_0002.jpg,happiness
George_Foreman_0001.jpg,happiness
Yoriko_Kawaguchi_0004.jpg,happiness
Rolf_Zimmermann_0001.jpg,happiness
Nicole_Kidman_0011.jpg,happiness
Bobby_Jackson_0001.jpg,happiness
Raquel_Welch_0002.jpg,happiness
Janet_Leigh_0001.jpg,happiness
Chok_Tong_Goh_0002.jpg,happiness
Thomas_Gottschalk_0001.jpg,happiness
HrithikRoshan_25.jpg,happiness
Tom_Tunney_0001.jpg,happiness
Steve_Stirling_0001.jpg,happiness
Chuck_Yeager_0001.jpg,happiness
Bob_Newhart_0001.jpg,happiness
Carol_Moseley_Braun_0001.jpg,happiness
Paul_Martin_0006.jpg,happiness
Michael_Chang_0001.jpg,happiness
Tom_Sizemore_0001.jpg,happiness
Andre_Agassi_0019.jpg,happiness
Prince_Harry_0002.jpg,happiness
Laura_Bush_0032.jpg,happiness
Nestor_Kirchner_0028.jpg,happiness
FaridaJalal_95.jpg,happiness
Tim_Allen_0001.jpg,happiness
Sylvester_Stallone_0007.jpg,happiness
Joseph_Blatter_0002.jpg,happiness
KatrinaKaif_70.jpg,happiness
Tang_Jiaxuan_0010.jpg,happiness
Kelli_White_0002.jpg,happiness
Robert_Schuller_0001.jpg,happiness
Shigeo_Nagashima_0001.jpg,happiness
Azra_Akin_0002.jpg,happiness
Helen_Clark_0002.jpg,happiness
Donald_Evans_0002.jpg,happiness
Maria_Luisa_Mendonca_0001.jpg,happiness
Craig_Doblin_0001.jpg,happiness
Norah_Jones_0013.jpg,happiness
Stanislas_Wawrinka_0001.jpg,happiness
Jennifer_Lopez_0003.jpg,happiness
Rudolph_Giuliani_0019.jpg,happiness
Renee_Zellweger_0017.jpg,happiness
Kimberly_Bruckner_0001.jpg,happiness
Katherine_Harris_0001.jpg,happiness
Padraig_Harrington_0001.jpg,happiness
Lleyton_Hewitt_0020.jpg,happiness
Doug_Christie_0001.jpg,happiness
Tony_Blair_0088.jpg,happiness
Hillary_Clinton_0007.jpg,happiness
Chuck_Hagel_0001.jpg,happiness
Jennifer_Lopez_0018.jpg,happiness
Joseph_Biden_0001.jpg,happiness
Takashi_Yamamoto_0001.jpg,happiness
Latrell_Sprewell_0002.jpg,happiness
Javier_Weber_0003.jpg,happiness
John_Garamendi_0001.jpg,happiness
Myung_Yang_0001.jpg,happiness
Leon_Barmore_0001.jpg,happiness
Jayamadhuri_106.jpg,happiness
Elena_Dementieva_0001.jpg,happiness
Oscar_DLeon_0001.jpg,happiness
Ray_Romano_0005.jpg,happiness
Barrett_Jackman_0002.jpg,happiness
FaridaJalal_89.jpg,happiness
Emma_Watson_0005.jpg,happiness
Saburo_Kawabuchi_0002.jpg,happiness
Leisel_Jones_0001.jpg,happiness
FaridaJalal_10.jpg,happiness
George_W_Bush_0040.jpg,happiness
Julio_Cesar_Chavez_0001.jpg,happiness
Laura_Bush_0039.jpg,happiness
Cindy_Taylor_0001.jpg,happiness
Jean_Charest_0012.jpg,happiness
Walter_Mondale_0008.jpg,happiness
Coco_dEste_0001.jpg,happiness
Chen_Shui-bian_0005.jpg,happiness
Colin_Powell_0053.jpg,happiness
KatrinaKaif_33.jpg,happiness
Gloria_Macapagal_Arroyo_0017.jpg,happiness
Teddy_Kollek_0001.jpg,happiness
Nancy_Pelosi_0006.jpg,happiness
Renee_Zellweger_0005.jpg,happiness
S_Jayakumar_0002.jpg,happiness
Meryl_Streep_0004.jpg,happiness
Roger_Moore_0001.jpg,happiness
Silvio_Berlusconi_0023.jpg,happiness
Tony_Blair_0061.jpg,happiness
George_W_Bush_0437.jpg,happiness
Andy_Roddick_0002.jpg,happiness
Neil_Goldman_0001.jpg,happiness
Nicanor_Duarte_Frutos_0001.jpg,happiness
Valentino_Rossi_0006.jpg,happiness
Ken_Macha_0002.jpg,happiness
Mahmoud_Abbas_0007.jpg,happiness
Robert_Redford_0004.jpg,happiness
Jennifer_Lopez_0012.jpg,happiness
Jesse_Helms_0001.jpg,happiness
Gustavo_Kuerten_0003.jpg,happiness
KatrinaKaif_8.jpg,happiness
Torri_Edwards_0002.jpg,happiness
Erik_Morales_0003.jpg,happiness
Nia_Vardalos_0004.jpg,happiness
Nia_Vardalos_0001.jpg,happiness
George_HW_Bush_0007.jpg,happiness
Teresa_Williams_0001.jpg,happiness
Jonathan_Mostow_0001.jpg,happiness
Pedro_Almodovar_0001.jpg,happiness
Jimmy_Kimmel_0001.jpg,happiness
Harvey_Weinstein_0001.jpg,happiness
Tariq_Aziz_0002.jpg,happiness
Bob_Hope_0003.jpg,happiness
Robert_Torricelli_0003.jpg,happiness
Bernadette_Peters_0001.jpg,happiness
Junichiro_Koizumi_0056.jpg,happiness
Richard_Crenna_0001.jpg,happiness
Daniel_Rouse_0001.jpg,happiness
Leslie_Ann_Woodward_0002.jpg,happiness
Masamori_Tokuyama_0001.jpg,happiness
Alejandro_Lembo_0001.jpg,happiness
Walter_Mondale_0005.jpg,happiness
Keanu_Reeves_0004.jpg,happiness
Mikhail_Khodorkovsky_0001.jpg,happiness
Robbie_Coltrane_0001.jpg,happiness
Gerhard_Schroeder_0055.jpg,happiness
Alberta_Lee_0001.jpg,happiness
Bob_Iger_0001.jpg,happiness
Brandon_Jones_0001.jpg,happiness
David_Heyman_0002.jpg,happiness
Giannina_Facio_0001.jpg,happiness
Alvaro_Uribe_0020.jpg,happiness
Fiona_Milne_0001.jpg,happiness
Maria_Soledad_Alvear_Valenzuela_0002.jpg,happiness
Ian_McKellen_0002.jpg,happiness
Diana_Munz_0002.jpg,happiness
Nestor_Kirchner_0029.jpg,happiness
Emily_Robison_0002.jpg,happiness
George_W_Bush_0423.jpg,happiness
HrithikRoshan_141.jpg,happiness
Amelie_Mauresmo_0010.jpg,happiness
Kristanna_Loken_0003.jpg,happiness
Hugo_Chavez_0041.jpg,happiness
Jorge_Marquez-Ruarte_0001.jpg,happiness
Serena_Williams_0036.jpg,happiness
Mike_Holmgren_0002.jpg,happiness
Abdullah_Gul_0004.jpg,happiness
Laura_Bush_0031.jpg,happiness
John_Travolta_0004.jpg,happiness
Gerald_Calabrese_0001.jpg,happiness
Lou_Piniella_0001.jpg,happiness
Queen_Rania_0002.jpg,happiness
Nicanor_Duarte_Frutos_0009.jpg,happiness
Leonardo_DiCaprio_0005.jpg,happiness
Robert_Woody_Johnson_0001.jpg,happiness
Jaime_Pressly_0001.jpg,happiness
Erika_Harold_0004.jpg,happiness
Tony_Blair_0003.jpg,happiness
Colin_Powell_0207.jpg,happiness
Hilary_Duff_0002.jpg,happiness
Naomi_Watts_0014.jpg,happiness
Carl_Reiner_0001.jpg,happiness
Larry_Pleau_0001.jpg,happiness
Jose_Serra_0001.jpg,happiness
Jorge_Moreno_0001.jpg,happiness
Vladimir_Putin_0044.jpg,happiness
Barbara_Walters_0002.jpg,happiness
Spike_Jonze_0001.jpg,happiness
Julianne_Moore_0003.jpg,happiness
Megawati_Sukarnoputri_0010.jpg,happiness
Augusto_Pinochet_0002.jpg,happiness
Robert_Kocharian_0003.jpg,happiness
Catherine_Bell_0001.jpg,happiness
Jennifer_Lopez_0002.jpg,happiness
Gene_Sauers_0001.jpg,happiness
Kim_Jong-Il_0004.jpg,happiness
Derek_Jeter_0003.jpg,happiness
Suzie_McConnell_Serio_0001.jpg,happiness
Nicanor_Duarte_Frutos_0004.jpg,happiness
Simona_Hradil_0001.jpg,happiness
Jim_Furyk_0003.jpg,happiness
John_Connolly_0001.jpg,happiness
Natalie_Stewart_0001.jpg,happiness
Gloria_Macapagal_Arroyo_0038.jpg,happiness
HrithikRoshan_206.jpg,happiness
Nestor_Kirchner_0036.jpg,happiness
Kenneth_Bowersox_0002.jpg,happiness
Chea_Sophara_0001.jpg,happiness
HrithikRoshan_155.jpg,happiness
Jean_Chretien_0009.jpg,happiness
Serena_Williams_0021.jpg,happiness
Yasser_Arafat_0001.jpg,happiness
Christine_Baumgartner_0001.jpg,happiness
Garry_McCoy_0001.jpg,happiness
Gerard_Butler_0001.jpg,happiness
Hamid_Karzai_0005.jpg,happiness
Candie_Kung_0004.jpg,happiness
Sergio_Vieira_De_Mello_0004.jpg,happiness
Peter_Hillary_0001.jpg,happiness
Bruno_Junquiera_0001.jpg,happiness
Lyudmila_Putin_0001.jpg,happiness
Thomas_Bjorn_0001.jpg,happiness
Mike_Easley_0001.jpg,happiness
Art_Howe_0002.jpg,happiness
Jan_Ullrich_0006.jpg,happiness
Felipe_Fernandez_0001.jpg,happiness
Naomi_Watts_0020.jpg,happiness
Ralph_Fiennes_0001.jpg,happiness
Joe_Nichols_0003.jpg,happiness
Ricardo_Maduro_0002.jpg,happiness
Luiz_Inacio_Lula_da_Silva_0011.jpg,happiness
Ben_Affleck_0003.jpg,happiness
Martha_Bowen_0002.jpg,happiness
Donald_Rumsfeld_0119.jpg,happiness
Jack_Straw_0016.jpg,happiness
Alyson_Hannigan_0001.jpg,happiness
Tatsuya_Fuji_0001.jpg,happiness
Anthony_Fauci_0002.jpg,happiness
SharmilaTagore_54.jpg,happiness
Bridgette_Wilson-Sampras_0003.jpg,happiness
Tim_Conway_0001.jpg,happiness
Donald_Rumsfeld_0060.jpg,happiness
Chuck_Woolery_0001.jpg,happiness
Evelyn_Lauder_0001.jpg,happiness
Vladimir_Putin_0020.jpg,happiness
Mohamed_ElBaradei_0008.jpg,happiness
Ronald_Reagan_0003.jpg,happiness
Enrique_Bolanos_0001.jpg,happiness
Justin_Guarini_0002.jpg,happiness
Steffi_Graf_0002.jpg,happiness
Debra_Messing_0001.jpg,happiness
Jennifer_Tilly_0001.jpg,happiness
Daniel_Day-Lewis_0002.jpg,happiness
George_Robertson_0001.jpg,happiness
Thomas_Bjorn_0001.jpg,happiness
Joe_Dumars_0002.jpg,happiness
Harrison_Ford_0004.jpg,happiness
Henning_Scherf_0001.jpg,happiness
Colin_Powell_0101.jpg,happiness
Tang_Jiaxuan_0006.jpg,happiness
Mona_Ayoub_0001.jpg,happiness
Brett_Hawke_0001.jpg,happiness
Hitoshi_Tanaka_0001.jpg,happiness
Angel_Lockward_0001.jpg,happiness
Riccardo_Muti_0001.jpg,happiness
Terrence_Trammell_0001.jpg,happiness
Richard_Branson_0001.jpg,happiness
Prince_Felipe_0001.jpg,happiness
Cecilia_Bolocco_0001.jpg,happiness
Li_Zhaoxing_0003.jpg,happiness
HrithikRoshan_14.jpg,happiness
Robert_Blackwill_0002.jpg,happiness
Trista_Rehn_0001.jpg,happiness
Jimmy_Carter_0006.jpg,happiness
Gene_Robinson_0005.jpg,happiness
Emily_Mortimer_0001.jpg,happiness
Tony_Blair_0091.jpg,happiness
Natalie_Maines_0005.jpg,happiness
Noah_Wyle_0002.jpg,happiness
Larry_Lucchino_0002.jpg,happiness
Mike_Tyson_0003.jpg,happiness
Catherine_Zeta-Jones_0001.jpg,happiness
Brigitte_Boisselier_0002.jpg,happiness
Erin_Runnion_0001.jpg,happiness
James_Hakett_0001.jpg,happiness
Brandon_Fails_0001.jpg,happiness
Chita_Rivera_0001.jpg,happiness
Prince_Claus_0002.jpg,happiness
George_Clooney_0005.jpg,happiness
Martin_Gecht_0001.jpg,happiness
Derian_Hatcher_0001.jpg,happiness
Robert_Pollack_0001.jpg,happiness
Tiger_Woods_0002.jpg,happiness
Abdullah_Gul_0002.jpg,happiness
Paul_Walker_0001.jpg,happiness
SharmilaTagore_66.jpg,happiness
Robert_De_Niro_0003.jpg,happiness
Tim_Robbins_0004.jpg,happiness
Gus_Frerotte_0001.jpg,happiness
Lily_Tomlin_0001.jpg,happiness
Roger_Federer_0001.jpg,happiness
Arnold_Schwarzenegger_0027.jpg,happiness
Christopher_Matero_0001.jpg,happiness
Mohamed_ElBaradei_0004.jpg,happiness
Matthew_McConaughey_0001.jpg,happiness
Samantha_Ledster_0001.jpg,happiness
Aparna_Pillai_0001.jpg,happiness
Liliana_Cavani_0001.jpg,happiness
Ben_Affleck_0005.jpg,happiness
Eileen_Coparropa_0002.jpg,happiness
Hamid_Karzai_0022.jpg,happiness
Jim_Kelly_0001.jpg,happiness
Luis_Gonzalez_0001.jpg,happiness
Diana_Renee_Valdivieso_Dubon_0001.jpg,happiness
David_Dorfman_0001.jpg,happiness
Rebecca_Romijn-Stamos_0003.jpg,happiness
Guillermo_Coria_0003.jpg,happiness
Serena_Williams_0026.jpg,happiness
Mike_Weir_0008.jpg,happiness
Laura_Bush_0001.jpg,happiness
Michelle_Yeoh_0002.jpg,happiness
Robert_Nardelli_0001.jpg,happiness
Jan-Michael_Gambill_0002.jpg,happiness
Hugo_Chavez_0071.jpg,happiness
Dominique_de_Villepin_0015.jpg,happiness
Julie_Goodenough_0001.jpg,happiness
Carolina_Kluft_0001.jpg,happiness
Alvaro_Uribe_0022.jpg,happiness
TJ_Ford_0001.jpg,happiness
Tammy_Helm_0001.jpg,happiness
Hee-Won_Han_0002.jpg,happiness
Ariel_Sharon_0051.jpg,happiness
Vladimir_Putin_0025.jpg,happiness
Jim_Leach_0001.jpg,happiness
Elena_de_Chavez_0001.jpg,happiness
Albert_Pujols_0001.jpg,happiness
Valentino_Rossi_0004.jpg,happiness
Miles_Stewart_0001.jpg,happiness
Alejandro_Toledo_0032.jpg,happiness
Andy_Roddick_0011.jpg,happiness
Brooke_Gordon_0001.jpg,happiness
John_Ashcroft_0004.jpg,happiness
Michelle_Pfeiffer_0003.jpg,happiness
Jayamadhuri_202.jpg,happiness
Jiang_Zemin_0005.jpg,happiness
John_McCallum_0002.jpg,happiness
Stephane_Rousseau_0001.jpg,happiness
William_Joppy_0001.jpg,happiness
KatrinaKaif_84.jpg,happiness
John_Manley_0006.jpg,happiness
James_Kopp_0002.jpg,happiness
Boris_Trajkovski_0001.jpg,happiness
Chris_Cooper_0001.jpg,happiness
Marco_Pantani_0001.jpg,happiness
KatrinaKaif_20.jpg,happiness
Lino_Oviedo_0001.jpg,happiness
Colleen_Donovan_0001.jpg,happiness
George_W_Bush_0405.jpg,happiness
Jean_Brumley_0001.jpg,happiness
Chanda_Rubin_0003.jpg,happiness
Dominik_Garcia-Lorido_0002.jpg,happiness
KatrinaKaif_75.jpg,happiness
Ian_Thorpe_0008.jpg,happiness
Gary_Gitnick_0001.jpg,happiness
Jennifer_Lopez_0015.jpg,happiness
Johannes_Rau_0001.jpg,happiness
Luis_Fonsi_0001.jpg,happiness
Carlos_Menem_0004.jpg,happiness
Hu_Jintao_0006.jpg,happiness
Prince_William_0001.jpg,happiness
Valerie_Harper_0001.jpg,happiness
Teresa_Williams_0001.jpg,happiness
David_Dewayne_Williams_0001.jpg,happiness
Silvio_Berlusconi_0001.jpg,happiness
Manuel_Pellegrini_0001.jpg,happiness
Glafcos_Clerides_0004.jpg,happiness
Lisa_Marie_Presley_0002.jpg,happiness
Alex_Barros_0001.jpg,happiness
Jayamadhuri_59.jpg,happiness
Angelina_Jolie_0004.jpg,happiness
Nicole_Hiltz_0001.jpg,happiness
Etta_James_0001.jpg,happiness
Tony_Blair_0133.jpg,happiness
Serena_Karlan_0001.jpg,happiness
Adrien_Brody_0007.jpg,happiness
Steve_Mariucci_0002.jpg,happiness
Billy_Crystal_0002.jpg,happiness
Rudolph_Giuliani_0008.jpg,happiness
George_Roy_Hill_0001.jpg,happiness
Angelina_Jolie_0015.jpg,happiness
Brian_Campbell_0001.jpg,happiness
Pierce_Brosnan_0013.jpg,happiness
Jessica_Alba_0002.jpg,happiness
James_Traficant_0003.jpg,happiness
Rosario_Dawson_0001.jpg,happiness
Lauren_Hutton_0002.jpg,happiness
Jayamadhuri_39.jpg,happiness
Jacqueline_Gold_0001.jpg,happiness
Emma_Watson_0003.jpg,happiness
Ellen_DeGeneres_0001.jpg,happiness
Oxana_Fedorova_0003.jpg,happiness
Rob_Marshall_0001.jpg,happiness
Recep_Tayyip_Erdogan_0019.jpg,happiness
Wen_Jiabao_0002.jpg,happiness
Yu_Shyi-kun_0003.jpg,happiness
Kate_Hudson_0004.jpg,happiness
Jennifer_Lopez_0007.jpg,happiness
Sally_Field_0004.jpg,happiness
Halle_Berry_0013.jpg,happiness
Oswaldo_Paya_0003.jpg,happiness
Nida_Blanca_0001.jpg,happiness
Masatoshi_Koshiba_0001.jpg,happiness
Tino_Martinez_0001.jpg,happiness
Natasha_Lyonne_0001.jpg,happiness
Felix_Trinidad_0001.jpg,happiness
Teri_Files_0001.jpg,happiness
Jim_Tressel_0001.jpg,happiness
Tom_Watson_0002.jpg,happiness
Thomas_Wyman_0001.jpg,happiness
Mikhail_Kalashnikov_0001.jpg,happiness
Cliff_Ellis_0001.jpg,happiness
Tatiana_Paus_0001.jpg,happiness
Jon_Kitna_0001.jpg,happiness
Lili_Marinho_0001.jpg,happiness
Christian_Patino_0001.jpg,happiness
Jennifer_Garner_0010.jpg,happiness
Richard_Shelby_0002.jpg,happiness
Rubens_Barrichello_0010.jpg,happiness
Katharine_Hepburn_0001.jpg,happiness
Gloria_Macapagal_Arroyo_0039.jpg,happiness
Greg_Rusedski_0004.jpg,happiness
Tatyana_Tomashova_0001.jpg,happiness
George_W_Bush_0388.jpg,happiness
Fred_Rogers_0001.jpg,happiness
Andrei_Nikolishin_0001.jpg,happiness
Helena_Schneider_0001.jpg,happiness
Gordon_Lightfoot_0001.jpg,happiness
Heidi_Fleiss_0004.jpg,happiness
Sean_Penn_0003.jpg,happiness
Gerard_Tronche_0001.jpg,happiness
Mary_Steenburgen_0001.jpg,happiness
William_Ford_Jr_0005.jpg,happiness
Prince_Claus_0001.jpg,happiness
Jesse_Jackson_0005.jpg,happiness
Valery_Giscard_dEstaing_0006.jpg,happiness
Rita_Moreno_0002.jpg,happiness
Arnold_Schwarzenegger_0014.jpg,happiness
Ariel_Sharon_0062.jpg,happiness
Jose_Genoino_0001.jpg,happiness
Jong_Wook_Lee_0002.jpg,happiness
Joanne_Woodward_0001.jpg,happiness
Ruth_Harlow_0001.jpg,happiness
Omar_Sharif_0001.jpg,happiness
Serena_Williams_0014.jpg,happiness
George_W_Bush_0214.jpg,happiness
SharmilaTagore_27.jpg,happiness
Theodore_Tweed_Roosevelt_0002.jpg,happiness
Alvaro_Silva_Calderon_0002.jpg,happiness
Tomoko_Hagiwara_0001.jpg,happiness
Park_Jung_Sung_0001.jpg,happiness
Jennifer_Aniston_0009.jpg,happiness
SharmilaTagore_53.jpg,happiness
Bridget_Fonda_0003.jpg,happiness
Pablo_Latras_0001.jpg,happiness
Yasser_Arafat_0002.jpg,happiness
Patricia_Medina_0001.jpg,happiness
Richard_Virenque_0005.jpg,happiness
Sarah_Jessica_Parker_0002.jpg,happiness
Michael_Chang_0004.jpg,happiness
Colin_Powell_0225.jpg,happiness
Matthew_Perry_0004.jpg,happiness
Magdalena_Maleeva_0002.jpg,happiness
Vanessa_Redgrave_0003.jpg,happiness
Frances_Fisher_0002.jpg,happiness
Nicole_Kidman_0005.jpg,happiness
SharmilaTagore_65.jpg,happiness
Helen_Clark_0004.jpg,happiness
Brian_Heidik_0002.jpg,happiness
Kara_Lynn_Joyce_0001.jpg,happiness
Zhang_Wenkang_0002.jpg,happiness
Kim_Yong-il_0001.jpg,happiness
Sheila_Copps_0001.jpg,happiness
Jayamadhuri_146.jpg,happiness
Li_Zhaoxing_0008.jpg,happiness
Stanley_Tong_0001.jpg,happiness
Jon_Corzine_0003.jpg,happiness
Eileen_Coparropa_0003.jpg,happiness
Raoul_Ruiz_0001.jpg,happiness
Meryl_Streep_0012.jpg,happiness
Tom_Cruise_0010.jpg,happiness
Oxana_Fedorova_0001.jpg,happiness
Natalie_Maines_0004.jpg,happiness
Sarah_Hughes_0005.jpg,happiness
Justin_Wilson_0001.jpg,happiness
Arnold_Schwarzenegger_0041.jpg,happiness
Hu_Maoyuan_0001.jpg,happiness
Hideki_Matsui_0001.jpg,happiness
Uma_Thurman_0003.jpg,happiness
Nathan_Lane_0002.jpg,happiness
Andre_Agassi_0009.jpg,happiness
Renee_Zellweger_0010.jpg,happiness
Tom_Harkin_0004.jpg,happiness
Minnie_Driver_0001.jpg,happiness
Tony_Stewart_0006.jpg,happiness
Ari_Fleischer_0004.jpg,happiness
Junichiro_Koizumi_0023.jpg,happiness
Pete_Sampras_0006.jpg,happiness
Evgeni_Plushenko_0001.jpg,happiness
Melissa_Manchester_0001.jpg,happiness
Steve_Waugh_0001.jpg,happiness
Lana_Clarkson_0001.jpg,happiness
Sadie_Frost_0002.jpg,happiness
Meryl_Streep_0013.jpg,happiness
Maria_Shriver_0002.jpg,happiness
Kurt_Busch_0001.jpg,happiness
Nestor_Kirchner_0024.jpg,happiness
Billy_Bob_Thornton_0001.jpg,happiness
Michael_Schumacher_0003.jpg,happiness
Laura_Bush_0005.jpg,happiness
Gray_Davis_0016.jpg,happiness
Amber_Tamblyn_0002.jpg,happiness
Michael_Schumacher_0008.jpg,happiness
Dolly_Parton_0002.jpg,happiness
Hugo_Chavez_0012.jpg,happiness
Eric_Hinske_0002.jpg,happiness
Muhammad_Saeed_al-Sahhaf_0003.jpg,happiness
Nick_Nolte_0004.jpg,happiness
Annette_Bening_0001.jpg,happiness
Halle_Berry_0006.jpg,happiness
Russell_Simmons_0002.jpg,happiness
Paula_Zahn_0001.jpg,happiness
Arnoldo_Aleman_0002.jpg,happiness
Thaksin_Shinawatra_0005.jpg,happiness
Blas_Ople_0001.jpg,happiness
Ricky_Martin_0001.jpg,happiness
Dolly_Parton_0001.jpg,happiness
Drew_Barrymore_0001.jpg,happiness
Robert_Wiener_0001.jpg,happiness
James_Ivory_0001.jpg,happiness
Gisele_Bundchen_0002.jpg,happiness
Stephen_Frears_0001.jpg,happiness
Atal_Bihari_Vajpayee_0012.jpg,happiness
Mark_Mulder_0001.jpg,happiness
Caroline_Kennedy_0003.jpg,happiness
Jeong_Se-hyun_0002.jpg,happiness
Kim_Clijsters_0004.jpg,happiness
Claudia_Pechstein_0004.jpg,happiness
Brittany_Snow_0001.jpg,happiness
Kate_Hudson_0009.jpg,happiness
Martin_Short_0001.jpg,happiness
Alicia_Keys_0001.jpg,happiness
Marco_Antonio_Barrera_0003.jpg,happiness
Stockard_Channing_0001.jpg,happiness
Rebecca_Romijn-Stamos_0002.jpg,happiness
Pedro_Almodovar_0005.jpg,happiness
Ignatius_Wang_0001.jpg,happiness
Paola_Espinoza_0001.jpg,happiness
Johnny_Carson_0001.jpg,happiness
Stefano_Accorsi_0001.jpg,happiness
Win_Aung_0001.jpg,happiness
Oscar_De_La_Hoya_0005.jpg,happiness
Javier_Solana_0008.jpg,happiness
Scott_Blum_0001.jpg,happiness
Tamara_Brooks_0001.jpg,happiness
Mack_Brown_0001.jpg,happiness
Laura_Bush_0006.jpg,happiness
Gerhard_Schroeder_0026.jpg,happiness
Lucio_Gutierrez_0012.jpg,happiness
Mary_Lou_Retton_0001.jpg,happiness
Liza_Minnelli_0006.jpg,happiness
Mario_Lemieux_0001.jpg,happiness
Tony_Blair_0057.jpg,happiness
FaridaJalal_32.jpg,happiness
HrithikRoshan_84.jpg,happiness
SharmilaTagore_48.jpg,happiness
Ricardo_Lagos_0027.jpg,happiness
Derek_Bond_0001.jpg,happiness
Terrell_Suggs_0002.jpg,happiness
Li_Peng_0008.jpg,happiness
Astrid_Eyzaguirre_0001.jpg,happiness
Toni_Braxton_0001.jpg,happiness
Colin_Powell_0174.jpg,happiness
Alejandro_Lopez_0001.jpg,happiness
Rudolph_Giuliani_0026.jpg,happiness
Abid_Hamid_Mahmud_Al-Tikriti_0001.jpg,happiness
HrithikRoshan_192.jpg,happiness
Jean_Chretien_0001.jpg,happiness
Queen_Elizabeth_II_0005.jpg,happiness
Janice_Abreu_0001.jpg,happiness
Tony_Blair_0134.jpg,happiness
Paul_Martin_0007.jpg,happiness
Pervez_Musharraf_0006.jpg,happiness
Rachel_Roy_0001.jpg,happiness
Cesar_Gaviria_0002.jpg,happiness
Ricardo_Lagos_0009.jpg,happiness
Thomas_Wilkens_0001.jpg,happiness
Mark_Swartz_0001.jpg,happiness
SharmilaTagore_81.jpg,happiness
George_W_Bush_0197.jpg,happiness
Cindy_Crawford_0003.jpg,happiness
Emmanuelle_Jagodsinski_0001.jpg,happiness
Juliette_Lewis_0001.jpg,happiness
Zoe_Ball_0001.jpg,happiness
Jayamadhuri_114.jpg,happiness
Gwyneth_Paltrow_0006.jpg,happiness
Robert_Blake_0001.jpg,happiness
George_HW_Bush_0013.jpg,happiness
Donny_Osmond_0001.jpg,happiness
Nate_Hybl_0001.jpg,happiness
Billy_Joel_0001.jpg,happiness
George_W_Bush_0319.jpg,happiness
Mahmoud_Abbas_0001.jpg,happiness
Hillary_Clinton_0012.jpg,happiness
Dwarakish_147.jpg,happiness
Ed_Smart_0003.jpg,happiness
Richard_Sterner_0001.jpg,happiness
John_Nimmo_0001.jpg,happiness
Ed_Rosenthal_0003.jpg,happiness
Bill_Clinton_0028.jpg,happiness
Heidi_Klum_0004.jpg,happiness
Al_Leiter_0001.jpg,happiness
Andre_Agassi_0004.jpg,happiness
Judith_Nathan_0001.jpg,happiness
Michelle_Rodriguez_0001.jpg,happiness
Mary_Landrieu_0002.jpg,happiness
David_Stern_0003.jpg,happiness
Diana_Krall_0003.jpg,happiness
Sylvester_Stallone_0005.jpg,happiness
HrithikRoshan_20.jpg,happiness
Andre_Agassi_0024.jpg,happiness
George_W_Bush_0322.jpg,happiness
Tony_Blair_0114.jpg,happiness
Vladimir_Putin_0024.jpg,happiness
FaridaJalal_1.jpg,happiness
KatrinaKaif_55.jpg,happiness
Strom_Thurmond_0001.jpg,happiness
Carla_Gugino_0001.jpg,happiness
Alejandro_Toledo_0026.jpg,happiness
Olivera_Labus_0001.jpg,happiness
Toni_Jennings_0001.jpg,happiness
Khalid_Khannouchi_0001.jpg,happiness
Mikhail_Gorbachev_0001.jpg,happiness
Steve_Coterill_0001.jpg,happiness
George_W_Bush_0314.jpg,happiness
Sinead_OConnor_0001.jpg,happiness
Don_King_0001.jpg,happiness
Kyle_Shewfelt_0001.jpg,happiness
Eve_Ensler_0001.jpg,happiness
SharmilaTagore_5.jpg,happiness
Jennifer_Love_Hewitt_0001.jpg,happiness
Sophia_Loren_0002.jpg,happiness
Daniel_Day-Lewis_0001.jpg,happiness
Mary_Lou_Markakis_0001.jpg,happiness
Brad_Wilk_0001.jpg,happiness
Dominik_Hrbaty_0001.jpg,happiness
Brad_Garrett_0001.jpg,happiness
Roger_Moore_0005.jpg,happiness
Eliane_Karp_0004.jpg,happiness
Justin_Timberlake_0003.jpg,happiness
Pierce_Brosnan_0001.jpg,happiness
George_W_Bush_0395.jpg,happiness
Enrica_Fico_0001.jpg,happiness
Kim_Cattrall_0001.jpg,happiness
Leuris_Pupo_0001.jpg,happiness
Emma_Watson_0004.jpg,happiness
Silvio_Berlusconi_0030.jpg,happiness
Sid_Caesar_0001.jpg,happiness
Nicolas_Cage_0003.jpg,happiness
Britney_Spears_0005.jpg,happiness
Jennie_Garth_0001.jpg,happiness
Nicholoas_DiMarzio_0001.jpg,happiness
Sami_Al-Arian_0001.jpg,happiness
Samira_Makhmalbaf_0001.jpg,happiness
Clare_Short_0003.jpg,happiness
Joe_Nichols_0001.jpg,happiness
Hamid_Karzai_0018.jpg,happiness
Kim_Ryong-sung_0003.jpg,happiness
Amram_Mitzna_0002.jpg,happiness
HrithikRoshan_70.jpg,happiness
Jean_Nagel_0001.jpg,happiness
Saddam_Hussein_0001.jpg,happiness
Francisco_Maturana_0001.jpg,happiness
Paula_Radcliffe_0001.jpg,happiness
Nicole_Kidman_0012.jpg,happiness
Herbert_Haupt_0001.jpg,happiness
George_W_Bush_0217.jpg,happiness
Brad_Garrett_0002.jpg,happiness
Ana_Guevara_0003.jpg,happiness
Anna_Faris_0001.jpg,happiness
Tim_Henman_0015.jpg,happiness
Mario_Dominguez_0001.jpg,happiness
Gerhard_Schroeder_0025.jpg,happiness
Mohammed_Al-Douri_0003.jpg,happiness
Scott_OGrady_0001.jpg,happiness
Peter_Gabriel_0001.jpg,happiness
Lucy_Liu_0001.jpg,happiness
Jiang_Zemin_0004.jpg,happiness
Jayamadhuri_22.jpg,happiness
Benedita_da_Silva_0001.jpg,happiness
Kenneth_Branagh_0002.jpg,happiness
Terry_McAuliffe_0003.jpg,happiness
Nikki_Teasley_0001.jpg,happiness
Andre_Agassi_0003.jpg,happiness
Michael_Smith_Foster_0001.jpg,happiness
Jeremy_Shockey_0002.jpg,happiness
Ziwang_Xu_0001.jpg,happiness
Edgar_Savisaar_0001.jpg,happiness
Tom_Cruise_0006.jpg,happiness
George_W_Bush_0119.jpg,happiness
Britney_Spears_0003.jpg,happiness
Bartosz_Kizierowski_0001.jpg,happiness
Ari_Fleischer_0010.jpg,happiness
Nicole_Kidman_0002.jpg,happiness
Elizabeth_Dole_0004.jpg,happiness
Michelle_Kwan_0006.jpg,happiness
Juan_Carlos_Morales_0001.jpg,happiness
Malcolm_Jamal_Warner_0001.jpg,happiness
Jennifer_Aniston_0004.jpg,happiness
Adrien_Brody_0011.jpg,happiness
Cruz_Bustamante_0001.jpg,happiness
Anthony_Pico_0001.jpg,happiness
Mahathir_Mohamad_0001.jpg,happiness
Corinne_Coman_0001.jpg,happiness
Hans_Blix_0035.jpg,happiness
Rob_Marshall_0005.jpg,happiness
Donald_Rumsfeld_0121.jpg,happiness
Bill_Paxton_0003.jpg,happiness
Cherie_Blair_0001.jpg,happiness
Emanuel_Ginobili_0005.jpg,happiness
Julianne_Moore_0009.jpg,happiness
Vadim_Devyatovskiy_0001.jpg,happiness
Bill_Walton_0001.jpg,happiness
Nick_Rimando_0001.jpg,happiness
William_Ford_Jr_0002.jpg,happiness
Mel_Gibson_0001.jpg,happiness
Justin_Timberlake_0002.jpg,happiness
Jeremy_Greenstock_0002.jpg,happiness
Mary_Blige_0001.jpg,happiness
Bill_Clinton_0021.jpg,happiness
Abdullah_Gul_0005.jpg,happiness
Jacques_Chirac_0002.jpg,happiness
Sheryl_Crow_0001.jpg,happiness
Maria_Sanchez_Lorenzo_0001.jpg,happiness
George_W_Bush_0494.jpg,happiness
Natalie_Cole_0001.jpg,happiness
Bill_Simon_0005.jpg,happiness
Courtney_Love_0001.jpg,happiness
Stanley_Tong_0001.jpg,happiness
Vanessa_Williams_0003.jpg,happiness
Joe_Torre_0003.jpg,happiness
Oscar_De_La_Hoya_0001.jpg,happiness
Christine_Ebersole_0002.jpg,happiness
Roberto_Marinho_0003.jpg,happiness
Colin_Powell_0208.jpg,happiness
Steve_Coterill_0001.jpg,happiness
Ratna_Sari_Dewi_Sukarno_0001.jpg,happiness
Sammy_Sosa_0002.jpg,happiness
Faye_Dunaway_0001.jpg,happiness
Diane_Lane_0001.jpg,happiness
Daisy_Fuentes_0001.jpg,happiness
Gerhard_Schroeder_0094.jpg,happiness
William_Morrow_0001.jpg,happiness
Jean-Marc_de_La_Sabliere_0001.jpg,happiness
Anthony_Ervin_0001.jpg,happiness
Pete_Sampras_0020.jpg,happiness
Anwar_Ibrahim_0002.jpg,happiness
Tom_Hanks_0008.jpg,happiness
Jim_Carrey_0001.jpg,happiness
Patrick_Roy_0001.jpg,happiness
Nia_Vardalos_0005.jpg,happiness
Jeff_George_0001.jpg,happiness
Julianna_Margulies_0001.jpg,happiness
Antonio_Palocci_0007.jpg,happiness
Franz_Beckenbauer_0002.jpg,happiness
Bill_Paxton_0001.jpg,happiness
Pauline_Landers_0001.jpg,happiness
Kim_Jin-sun_0002.jpg,happiness
Luiz_Inacio_Lula_da_Silva_0007.jpg,happiness
Jimmy_Gobble_0001.jpg,happiness
Jodie_Foster_0003.jpg,happiness
Theodore_Tweed_Roosevelt_0001.jpg,happiness
Bill_Clinton_0007.jpg,happiness
Cameron_Diaz_0004.jpg,happiness
Miranda_Otto_0001.jpg,happiness
Darren_Campel_0001.jpg,happiness
Giuseppe_Gibilisco_0001.jpg,happiness
Ricardo_Monasterio_0002.jpg,happiness
Patty_Duke_0001.jpg,happiness
Luiz_Inacio_Lula_da_Silva_0003.jpg,happiness
Clare_Short_0002.jpg,happiness
Wolfgang_Schuessel_0001.jpg,happiness
Frederique_van_der_Wal_0001.jpg,happiness
Hugo_Chavez_0055.jpg,happiness
Roh_Moo-hyun_0023.jpg,happiness
Michel_Temer_0002.jpg,happiness
Carolyn_Kuhl_0001.jpg,happiness
Andre_Agassi_0013.jpg,happiness
Hector_Grullon_0001.jpg,happiness
Craig_Morgan_0001.jpg,happiness
Tom_Glavine_0002.jpg,happiness
William_Rehnquist_0001.jpg,happiness
Tracy_Wyle_0001.jpg,happiness
Donald_Rumsfeld_0105.jpg,happiness
Queen_Elizabeth_II_0012.jpg,happiness
Stephanie_Zimbalist_0001.jpg,happiness
Reginald_Hudlin_0001.jpg,happiness
Tom_Cruise_0003.jpg,happiness
Jacques_Chirac_0005.jpg,happiness
Colin_Powell_0106.jpg,happiness
Newton_Carlton_Slawson_0001.jpg,happiness
BB_King_0001.jpg,happiness
Pierce_Brosnan_0005.jpg,happiness
Padraig_Harrington_0003.jpg,happiness
Tony_Shalhoub_0003.jpg,happiness
Queen_Beatrix_0002.jpg,happiness
Lance_Armstrong_0005.jpg,happiness
Rudolph_Giuliani_0017.jpg,happiness
Sheryl_Crow_0005.jpg,happiness
Felicity_Huffman_0001.jpg,happiness
Jane_Pauley_0001.jpg,happiness
Renee_Zellweger_0004.jpg,happiness
Joe_DeLamielleure_0001.jpg,happiness
Li_Peng_0001.jpg,happiness
Vicente_Fox_0015.jpg,happiness
Linda_Mason_0001.jpg,happiness
Kevin_Costner_0007.jpg,happiness
Jason_Clermont_0001.jpg,happiness
Linda_Amicangioli_0001.jpg,happiness
Tanya_Holyk_0001.jpg,happiness
Zinedine_Zidane_0004.jpg,happiness
Sila_Calderon_0004.jpg,happiness
Gabriel_Valdes_0001.jpg,happiness
Luiz_Inacio_Lula_da_Silva_0024.jpg,happiness
Michael_Bloomberg_0017.jpg,happiness
Luiz_Inacio_Lula_da_Silva_0019.jpg,happiness
Ben_Affleck_0004.jpg,happiness
Lisa_Girman_0001.jpg,happiness
Dawna_LoPiccolo_0001.jpg,happiness
Jose_Maria_Aznar_0008.jpg,happiness
Roh_Moo-hyun_0007.jpg,happiness
Rob_Lowe_0004.jpg,happiness
Ashanti_0004.jpg,happiness
Thomas_Fargo_0004.jpg,happiness
Sourav_Ganguly_0004.jpg,happiness
Shaul_Mofaz_0001.jpg,happiness
Carmen_Electra_0002.jpg,happiness
Lucio_Gutierrez_0009.jpg,happiness
Madonna_0004.jpg,happiness
Ariel_Sharon_0053.jpg,happiness
Laura_Linney_0002.jpg,happiness
Susan_Sarandon_0004.jpg,happiness
Kelly_Ripa_0001.jpg,happiness
George_W_Bush_0212.jpg,happiness
Adam_Sandler_0004.jpg,happiness
Jiang_Zemin_0003.jpg,happiness
Roh_Moo-hyun_0019.jpg,happiness
Gonzalo_Sanchez_de_Lozada_0006.jpg,happiness
Alexis_Bledel_0001.jpg,happiness
John_Rowland_0002.jpg,happiness
Sachiko_Yamada_0002.jpg,happiness
Gordon_Brown_0007.jpg,happiness
Paul_LeClerc_0001.jpg,happiness
Richard_Palmer_0001.jpg,happiness
Gen_Meredith_0001.jpg,happiness
Ai_Sugiyama_0005.jpg,happiness
Julius_Erving_0001.jpg,happiness
Dwarakish_148.jpg,happiness
Gerhard_Schroeder_0016.jpg,happiness
Tiger_Woods_0003.jpg,happiness
Sila_Calderon_0001.jpg,happiness
