Julia_Tymoshenko_0001.jpg,neutral
Donald_Rumsfeld_0012.jpg,neutral
Rohman_al-Ghozi_0001.jpg,neutral
Gerhard_Schroeder_0052.jpg,neutral
Tariq_Aziz_0005.jpg,neutral
Chris_Terry_0001.jpg,neutral
Craig_MacTavish_0001.jpg,neutral
Charles_Pickering_0001.jpg,neutral
Donald_Rumsfeld_0025.jpg,neutral
Kim_Jong-Il_0003.jpg,neutral
Michael_Bloomberg_0015.jpg,neutral
Ben_Affleck_0006.jpg,neutral
Alexa_Vega_0001.jpg,neutral
George_W_Bush_0396.jpg,neutral
George_W_Bush_0288.jpg,neutral
Amelie_Mauresmo_0013.jpg,neutral
Colin_Powell_0211.jpg,neutral
Mark_Hurlbert_0001.jpg,neutral
Carlos_Paternina_0001.jpg,neutral
Stuart_Townsend_0001.jpg,neutral
Jeb_Bush_0001.jpg,neutral
Lleyton_Hewitt_0005.jpg,neutral
Nestor_Kirchner_0014.jpg,neutral
Hu_Jintao_0002.jpg,neutral
Barry_Diller_0001.jpg,neutral
Alfonso_Portillo_0001.jpg,neutral
George_W_Bush_0013.jpg,neutral
Gordon_Brown_0013.jpg,neutral
Donald_Rumsfeld_0095.jpg,neutral
Alan_Greer_0001.jpg,neutral
Richard_Gephardt_0009.jpg,neutral
Hugo_Chavez_0058.jpg,neutral
Celso_Lafer_0001.jpg,neutral
Max_Mayfield_0002.jpg,neutral
Jacqueline_Edwards_0001.jpg,neutral
Mahmoud_Abbas_0029.jpg,neutral
Arnold_Schwarzenegger_0021.jpg,neutral
Vladimir_Putin_0022.jpg,neutral
Markus_Beyer_0001.jpg,neutral
King_Bhumibol_Adulyadej_0001.jpg,neutral
Mohammed_Al_Hindi_0001.jpg,neutral
Rudolph_Giuliani_0016.jpg,neutral
Donald_Rumsfeld_0019.jpg,neutral
Fayssal_Mekdad_0004.jpg,neutral
Carlos_Beltran_0001.jpg,neutral
Hal_Gehman_0004.jpg,neutral
Alan_Greenspan_0005.jpg,neutral
Bettina_Rheims_0001.jpg,neutral
Tom_Ridge_0003.jpg,neutral
Graeme_Lloyd_0001.jpg,neutral
Julie_Gerberding_0010.jpg,neutral
Bill_Graham_0007.jpg,neutral
Susilo_Bambang_Yudhoyono_0001.jpg,neutral
Jose_Acasuso_0001.jpg,neutral
Gerhard_Schroeder_0044.jpg,neutral
David_Heymann_0002.jpg,neutral
Jayamadhuri_148.jpg,neutral
Makiya_Ali_Hassan_0001.jpg,neutral
Paul_Kagame_0002.jpg,neutral
John_Malkovich_0002.jpg,neutral
Alejandro_Lerner_0001.jpg,neutral
Colin_Powell_0155.jpg,neutral
Igor_Ivanov_0009.jpg,neutral
Ralf_Schumacher_0002.jpg,neutral
George_W_Bush_0247.jpg,neutral
Recep_Tayyip_Erdogan_0013.jpg,neutral
Michel_Minard_0001.jpg,neutral
George_W_Bush_0051.jpg,neutral
Jerome_Golmard_0001.jpg,neutral
Colin_Powell_0232.jpg,neutral
Geno_Auriemma_0002.jpg,neutral
Colin_Powell_0002.jpg,neutral
Jorge_Quiroga_0001.jpg,neutral
Narayan_Singh_Pun_0001.jpg,neutral
Daryl_Sabara_0001.jpg,neutral
Harrison_Ford_0003.jpg,neutral
Pete_Sampras_0013.jpg,neutral
Danny_Ainge_0001.jpg,neutral
Scott_McClellan_0005.jpg,neutral
Ernie_Eves_0001.jpg,neutral
Gerhard_Schroeder_0089.jpg,neutral
Hector_Babenco_0001.jpg,neutral
Kay_Behrensmeyer_0001.jpg,neutral
Sean_Patrick_OMalley_0003.jpg,neutral
Roman_Abramovich_0001.jpg,neutral
Vladimir_Putin_0018.jpg,neutral
Rick_Dinse_0003.jpg,neutral
Scott_Wittman_0001.jpg,neutral
Dileep_4.jpg,neutral
Andy_Roddick_0007.jpg,neutral
William_Swor_0001.jpg,neutral
Melissa_Stark_0001.jpg,neutral
Jon_Voight_0003.jpg,neutral
Colin_Powell_0196.jpg,neutral
Tocker_Pudwill_0001.jpg,neutral
Bill_Nelson_0002.jpg,neutral
Jose_Santos_0001.jpg,neutral
John_Ashcroft_0041.jpg,neutral
Kieran_Prendergast_0002.jpg,neutral
Elena_Likhovtseva_0001.jpg,neutral
Emmanuel_Milingo_0001.jpg,neutral
Juan_Carlos_Ferrero_0015.jpg,neutral
Donald_Rumsfeld_0033.jpg,neutral
John_Sidgmore_0001.jpg,neutral
David_Wells_0007.jpg,neutral
Juan_Carlos_Ferrero_0006.jpg,neutral
Colin_Montgomerie_0002.jpg,neutral
Clara_Harris_0005.jpg,neutral
George_W_Bush_0178.jpg,neutral
Richard_Sambrook_0002.jpg,neutral
Kim_Dae-jung_0002.jpg,neutral
George_W_Bush_0030.jpg,neutral
Chris_Tucker_0002.jpg,neutral
Colin_Powell_0198.jpg,neutral
Fernando_Gonzalez_0008.jpg,neutral
Mother_Teresa_0001.jpg,neutral
Justin_Marshall_0001.jpg,neutral
George_W_Bush_0285.jpg,neutral
Sushma_Swaraj_0001.jpg,neutral
Jonathan_Byrd_0001.jpg,neutral
Steven_Spielberg_0003.jpg,neutral
Tom_Hanks_0005.jpg,neutral
Mark_Hurlbert_0002.jpg,neutral
Boris_Berezovsky_0001.jpg,neutral
Dennis_Kucinich_0003.jpg,neutral
Sam_Bith_0002.jpg,neutral
George_Robertson_0009.jpg,neutral
Michael_Sullivan_0001.jpg,neutral
William_Donaldson_0004.jpg,neutral
Leonid_Kuchma_0006.jpg,neutral
Alimzhan_Tokhtakhounov_0002.jpg,neutral
George_W_Bush_0308.jpg,neutral
Allen_Rock_0001.jpg,neutral
Bill_Elliott_0001.jpg,neutral
Robert_De_Niro_0006.jpg,neutral
Colin_Powell_0142.jpg,neutral
Carol_Carmody_0001.jpg,neutral
Stacey_Yamaguchi_0001.jpg,neutral
Ariel_Sharon_0025.jpg,neutral
Gunilla_Backman_0001.jpg,neutral
Tim_Chapman_0001.jpg,neutral
Melanie_Griffith_0003.jpg,neutral
Alex_Popov_0001.jpg,neutral
Sun_Myung_Moon_0001.jpg,neutral
George_W_Bush_0261.jpg,neutral
Condoleezza_Rice_0011.jpg,neutral
Robert_Altman_0001.jpg,neutral
Shaun_Pollock_0001.jpg,neutral
Emma_Watson_0001.jpg,neutral
Aaron_Tippin_0001.jpg,neutral
Carla_Del_Ponte_0004.jpg,neutral
James_Hallock_0001.jpg,neutral
Owen_Nolan_0001.jpg,neutral
George_W_Bush_0055.jpg,neutral
Miguel_Contreras_0002.jpg,neutral
Dileep_40.jpg,neutral
Amelie_Mauresmo_0021.jpg,neutral
George_W_Bush_0245.jpg,neutral
David_Dodge_0002.jpg,neutral
Sung_Hong_Choi_0001.jpg,neutral
Munir_Akram_0001.jpg,neutral
Patrick_Dennehy_0001.jpg,neutral
Rodolfo_Abalos_0001.jpg,neutral
Hipolito_Mejia_0004.jpg,neutral
James_Dingemans_0001.jpg,neutral
David_Beckham_0021.jpg,neutral
Bruce_Arena_0001.jpg,neutral
Manfred_Stolpe_0001.jpg,neutral
Wang_Nan_0001.jpg,neutral
Perry_Gibbs_0001.jpg,neutral
George_W_Bush_0107.jpg,neutral
Kieran_Culkin_0001.jpg,neutral
Cristiano_da_Matta_0001.jpg,neutral
George_W_Bush_0250.jpg,neutral
George_W_Bush_0281.jpg,neutral
Eduardo_Romero_0001.jpg,neutral
Adrien_Brody_0005.jpg,neutral
Gregg_Popovich_0003.jpg,neutral
Junichiro_Koizumi_0050.jpg,neutral
George_W_Bush_0233.jpg,neutral
Slobodan_Milosevic_0002.jpg,neutral
Vince_Gill_0002.jpg,neutral
Mick_Jagger_0002.jpg,neutral
Donald_Rumsfeld_0034.jpg,neutral
Harrison_Ford_0006.jpg,neutral
Antonio_Banderas_0001.jpg,neutral
Colin_Powell_0236.jpg,neutral
Jerry_Springer_0001.jpg,neutral
Marty_Mornhinweg_0003.jpg,neutral
Rubens_Barrichello_0007.jpg,neutral
Ariel_Sharon_0070.jpg,neutral
George_W_Bush_0136.jpg,neutral
Enrique_Bolanos_0004.jpg,neutral
Terri_Clark_0001.jpg,neutral
Bernard_Lord_0001.jpg,neutral
Dragan_Covic_0001.jpg,neutral
Richard_Pennington_0001.jpg,neutral
Julie_Gerberding_0014.jpg,neutral
Allison_Searing_0001.jpg,neutral
Kim_Ryong-sung_0010.jpg,neutral
Taylyn_Solomon_0001.jpg,neutral
Saddam_Hussein_0005.jpg,neutral
Alan_Stonecipher_0001.jpg,neutral
Kofi_Annan_0004.jpg,neutral
Bryan_Cooley_0001.jpg,neutral
Sergio_Vieira_De_Mello_0011.jpg,neutral
Norah_Jones_0012.jpg,neutral
Thomas_Fargo_0002.jpg,neutral
Alvaro_Uribe_0025.jpg,neutral
George_Tenet_0001.jpg,neutral
John_Ashcroft_0019.jpg,neutral
Lindsay_Davenport_0008.jpg,neutral
Jon_Gruden_0003.jpg,neutral
Heizo_Takenaka_0004.jpg,neutral
Donald_Rumsfeld_0100.jpg,neutral
Laurie_Pirtle_0001.jpg,neutral
Rolf_Eckrodt_0001.jpg,neutral
John_Malkovich_0003.jpg,neutral
HrithikRoshan_9.jpg,neutral
George_W_Bush_0394.jpg,neutral
Jeremy_Fogel_0001.jpg,neutral
John_Kerry_0006.jpg,neutral
Michael_Powell_0002.jpg,neutral
Rodney_Rempt_0001.jpg,neutral
Benjamin_Netanyahu_0004.jpg,neutral
Frank_Cassell_0002.jpg,neutral
Colin_Powell_0042.jpg,neutral
Junichiro_Koizumi_0001.jpg,neutral
Mike_Martz_0007.jpg,neutral
Fidel_Castro_0017.jpg,neutral
Rulon_Gardner_0001.jpg,neutral
Michael_Schumacher_0017.jpg,neutral
Hitoshi_Oshitani_0001.jpg,neutral
Luis_Gonzalez_Macchi_0004.jpg,neutral
Brian_Weaver_0001.jpg,neutral
Kwame_Kilpatrick_0001.jpg,neutral
Condoleezza_Rice_0002.jpg,neutral
Carla_Myers_0002.jpg,neutral
Lucio_Gutierrez_0002.jpg,neutral
Rudolph_Giuliani_0010.jpg,neutral
Dai_Bachtiar_0001.jpg,neutral
Jimmy_Carter_0001.jpg,neutral
Binyamin_Ben-Eliezer_0006.jpg,neutral
George_W_Bush_0398.jpg,neutral
Abdullah_al-Attiyah_0003.jpg,neutral
Dean_Barkley_0004.jpg,neutral
Silvio_Berlusconi_0029.jpg,neutral
Dileep_77.jpg,neutral
Ali_Bin_Hussein_0001.jpg,neutral
Milan_Milutinovic_0001.jpg,neutral
Paul_Clark_0001.jpg,neutral
Donald_Rumsfeld_0005.jpg,neutral
Bill_McBride_0003.jpg,neutral
Jacques_Rogge_0004.jpg,neutral
Christopher_Amolsch_0001.jpg,neutral
David_Heymann_0004.jpg,neutral
George_W_Bush_0501.jpg,neutral
Dwayne_Williams_0001.jpg,neutral
Michael_Bloomberg_0008.jpg,neutral
Carroll_Weimer_0001.jpg,neutral
Linda_Lingle_0001.jpg,neutral
Greg_Gilbert_0001.jpg,neutral
Jose_Canseco_Sr_0001.jpg,neutral
Donald_Rumsfeld_0081.jpg,neutral
Russ_Ortiz_0001.jpg,neutral
Carlos_Moya_0016.jpg,neutral
Spencer_Abraham_0008.jpg,neutral
Dick_Cheney_0008.jpg,neutral
Sergio_Vieira_De_Mello_0006.jpg,neutral
Colin_Powell_0063.jpg,neutral
Colin_Powell_0158.jpg,neutral
Filip_De_Winter_0001.jpg,neutral
Victoria_Clarke_0003.jpg,neutral
HrithikRoshan_102.jpg,neutral
Colin_Powell_0189.jpg,neutral
Hu_Jintao_0007.jpg,neutral
Jacques_Chirac_0049.jpg,neutral
Luis_Gonzalez_Macchi_0005.jpg,neutral
HrithikRoshan_163.jpg,neutral
Pete_Sampras_0005.jpg,neutral
Ismail_Khan_0001.jpg,neutral
Alastair_Campbell_0005.jpg,neutral
Michael_Caine_0003.jpg,neutral
Namuddu_Florence_0001.jpg,neutral
Eddy_Hartenstein_0001.jpg,neutral
Tom_Daschle_0012.jpg,neutral
Walter_Mondale_0001.jpg,neutral
David_Beckham_0028.jpg,neutral
Robert_Beck_0001.jpg,neutral
Nebojsa_Pavkovic_0002.jpg,neutral
Carlos_Menem_0006.jpg,neutral
Dominique_de_Villepin_0011.jpg,neutral
Alexandra_Vodjanikova_0001.jpg,neutral
Mike_Martz_0002.jpg,neutral
George_W_Bush_0441.jpg,neutral
Taha_Yassin_Ramadan_0013.jpg,neutral
Mona_Rishmawi_0001.jpg,neutral
Kofi_Annan_0028.jpg,neutral
Woody_Allen_0005.jpg,neutral
Vicente_Fox_0019.jpg,neutral
Jerry_Sloan_0001.jpg,neutral
Gloria_Macapagal_Arroyo_0026.jpg,neutral
Dennis_Hastert_0005.jpg,neutral
Peter_Sejna_0001.jpg,neutral
Peter_Fitzgerald_0001.jpg,neutral
Javier_Solana_0009.jpg,neutral
James_McGreevey_0004.jpg,neutral
Robert_Horan_0001.jpg,neutral
Taha_Yassin_Ramadan_0015.jpg,neutral
Gerhard_Schroeder_0092.jpg,neutral
Jake_Gyllenhaal_0005.jpg,neutral
David_Coulthard_0001.jpg,neutral
Jose_Jose_0001.jpg,neutral
Laura_Gobai_0001.jpg,neutral
Toni_Braxton_0003.jpg,neutral
John_McCain_0003.jpg,neutral
Tommy_Franks_0011.jpg,neutral
Martin_Burnham_0001.jpg,neutral
Shafal_Mosed_0001.jpg,neutral
John_Ashcroft_0043.jpg,neutral
FaridaJalal_37.jpg,neutral
Jack_Straw_0009.jpg,neutral
Donald_Rumsfeld_0041.jpg,neutral
Dino_de_Laurentis_0002.jpg,neutral
Marcelo_Salas_0003.jpg,neutral
Kenneth_Evans_0002.jpg,neutral
Colin_Powell_0124.jpg,neutral
Kofi_Annan_0007.jpg,neutral
Robert_Mueller_0004.jpg,neutral
Ben_Affleck_0007.jpg,neutral
Helen_Clark_0001.jpg,neutral
Lindy_Ruff_0001.jpg,neutral
Richard_Gere_0008.jpg,neutral
James_Kelly_0010.jpg,neutral
Justin_Leonard_0003.jpg,neutral
Teresa_Worbis_0001.jpg,neutral
John_Snow_0006.jpg,neutral
George_W_Bush_0230.jpg,neutral
Colin_Powell_0071.jpg,neutral
Dileep_92.jpg,neutral
Alastair_Campbell_0001.jpg,neutral
Luiz_Inacio_Lula_da_Silva_0017.jpg,neutral
Laurie_Chan_0001.jpg,neutral
Arnold_Schwarzenegger_0026.jpg,neutral
Ariel_Sharon_0026.jpg,neutral
Aby_Har-Even_0001.jpg,neutral
Kaspar_Villiger_0001.jpg,neutral
Stockard_Channing_0002.jpg,neutral
Donatella_Versace_0002.jpg,neutral
Alvaro_Uribe_0004.jpg,neutral
Shamai_Leibowitz_0001.jpg,neutral
Guillermo_Ruiz_Polanco_0001.jpg,neutral
Mian_Khursheed_Mehmood_Kasuri_0003.jpg,neutral
Eduard_Shevardnadze_0002.jpg,neutral
James_Traficant_0001.jpg,neutral
Anthony_Rackauckas_0001.jpg,neutral
Yingfan_Wang_0001.jpg,neutral
Ruth_Christofferson_0001.jpg,neutral
John_Richardson_0001.jpg,neutral
Walid_Al-Awadi_0001.jpg,neutral
Linda_Sanchez_0001.jpg,neutral
George_W_Bush_0430.jpg,neutral
Dileep_2.jpg,neutral
Vince_Carter_0002.jpg,neutral
George_W_Bush_0260.jpg,neutral
Milo_Djukanovic_0001.jpg,neutral
Norm_Coleman_0001.jpg,neutral
Toutai_Kefu_0001.jpg,neutral
Julie_Gerberding_0006.jpg,neutral
Junichiro_Koizumi_0012.jpg,neutral
Mohammed_Al-Douri_0006.jpg,neutral
Martha_Burk_0003.jpg,neutral
Gary_Sayler_0001.jpg,neutral
Marc_Grossman_0004.jpg,neutral
Hans_Blix_0027.jpg,neutral
Pascal_Quignard_0003.jpg,neutral
Greg_Hodge_0001.jpg,neutral
Tom_Daschle_0020.jpg,neutral
Colin_Powell_0159.jpg,neutral
Mark_Hanson_0001.jpg,neutral
Jay_Garner_0003.jpg,neutral
Armando_Avila_Panchame_0001.jpg,neutral
Tony_Blair_0043.jpg,neutral
Tony_Blair_0053.jpg,neutral
Jean_Chretien_0018.jpg,neutral
John_Howard_0006.jpg,neutral
Tim_Salmon_0001.jpg,neutral
John_Bolton_0007.jpg,neutral
Carlos_Manuel_Pruneda_0002.jpg,neutral
Jean-Sebastien_Giguere_0002.jpg,neutral
Manuel_Poggiali_0001.jpg,neutral
Jeffrey_Jones_0001.jpg,neutral
Antonio_Palocci_0004.jpg,neutral
Frank_Keating_0001.jpg,neutral
Sultan_Qaboos_0001.jpg,neutral
George_W_Bush_0193.jpg,neutral
Bob_Petrino_0001.jpg,neutral
Luiz_Inacio_Lula_da_Silva_0039.jpg,neutral
Ranil_Wickremasinghe_0002.jpg,neutral
Paul_Celluci_0001.jpg,neutral
Avinash_1.jpg,neutral
Glen_Sather_0001.jpg,neutral
Jim_Bollman_0001.jpg,neutral
Penny_Dupuie_0001.jpg,neutral
Raaf_Schefter_0001.jpg,neutral
Michael_Schumacher_0002.jpg,neutral
Lane_Odom_0001.jpg,neutral
Jeong_Se-hyun_0007.jpg,neutral
Kultida_Woods_0001.jpg,neutral
Bob_Guccione_0001.jpg,neutral
Dileep_9.jpg,neutral
Kate_Hudson_0002.jpg,neutral
Yoon_Jin-Sik_0001.jpg,neutral
Felipe_Perez_Roque_0002.jpg,neutral
David_Eldon_0001.jpg,neutral
Nicole_Kidman_0019.jpg,neutral
Paul_Wolfowitz_0007.jpg,neutral
Andre_Bucher_0001.jpg,neutral
Jose_Canseco_0001.jpg,neutral
Jacques_Chirac_0017.jpg,neutral
Jason_Biggs_0001.jpg,neutral
Mohammad_Khatami_0010.jpg,neutral
Julianne_Moore_0015.jpg,neutral
Joshua_Gracin_0001.jpg,neutral
Patrick_Leahy_0001.jpg,neutral
Frank_Hilldrup_0001.jpg,neutral
Jose_Maria_Aznar_0019.jpg,neutral
Mahmoud_Abbas_0014.jpg,neutral
Tom_Daschle_0003.jpg,neutral
Martha_Burk_0004.jpg,neutral
Bill_King_0001.jpg,neutral
Igor_Ivanov_0017.jpg,neutral
Luiz_Inacio_Lula_da_Silva_0030.jpg,neutral
Mohammad_Al-Sharief_0001.jpg,neutral
Gordon_Brown_0003.jpg,neutral
Cori_Enghusen_0001.jpg,neutral
Saddam_Hussein_0013.jpg,neutral
Mike_Slive_0001.jpg,neutral
Sergio_Vieira_De_Mello_0008.jpg,neutral
Donald_Trump_0001.jpg,neutral
Joseph_Safra_0001.jpg,neutral
James_Young_0001.jpg,neutral
Colin_Powell_0230.jpg,neutral
Abdullah_Gul_0017.jpg,neutral
Fujio_Cho_0006.jpg,neutral
Daniele_Bergamin_0001.jpg,neutral
Ariel_Sharon_0043.jpg,neutral
Stan_Heath_0001.jpg,neutral
Elena_Bovina_0002.jpg,neutral
Steffeny_Holtz_0001.jpg,neutral
Jose_Maria_Aznar_0013.jpg,neutral
Steve_Patterson_0001.jpg,neutral
Fernando_Vargas_0003.jpg,neutral
Kenny_Chesney_0001.jpg,neutral
Mike_Martz_0003.jpg,neutral
Tiger_Woods_0008.jpg,neutral
Alvaro_Uribe_0010.jpg,neutral
Luis_Horna_0005.jpg,neutral
Jose_Carreras_0001.jpg,neutral
George_W_Bush_0505.jpg,neutral
Kofi_Annan_0014.jpg,neutral
George_W_Bush_0034.jpg,neutral
Cecilia_Chang_0001.jpg,neutral
Jeb_Bush_0004.jpg,neutral
Edward_Said_0001.jpg,neutral
Jean_Chretien_0031.jpg,neutral
George_W_Bush_0380.jpg,neutral
Taha_Yassin_Ramadan_0013.jpg,neutral
Barbara_Esbin_0001.jpg,neutral
Maggie_Smith_0002.jpg,neutral
Antonio_Palocci_0006.jpg,neutral
Nina_Pecari_0001.jpg,neutral
Donald_Rumsfeld_0098.jpg,neutral
Robert_Durst_0001.jpg,neutral
Hans_Blix_0002.jpg,neutral
Maurice_Papon_0001.jpg,neutral
Trevor_Watson_0001.jpg,neutral
Compay_Segundo_0001.jpg,neutral
Michael_DeMinico_0001.jpg,neutral
George_W_Bush_0089.jpg,neutral
Job_Cohen_0001.jpg,neutral
Yasser_Arafat_0003.jpg,neutral
Joe_Cocker_0001.jpg,neutral
John_Howard_0007.jpg,neutral
George_W_Bush_0435.jpg,neutral
Megawati_Sukarnoputri_0002.jpg,neutral
Pete_Sampras_0019.jpg,neutral
Andres_Pastrana_0001.jpg,neutral
Larry_Thompson_0004.jpg,neutral
Tom_Reilly_0003.jpg,neutral
Michael_Jackson_0002.jpg,neutral
James_Blake_0004.jpg,neutral
Kim_Jong-Il_0001.jpg,neutral
George_W_Bush_0454.jpg,neutral
Thomas_OBrien_0004.jpg,neutral
Tom_Osborne_0001.jpg,neutral
Terry_McAuliffe_0002.jpg,neutral
Dennis_Kucinich_0001.jpg,neutral
John_Snow_0003.jpg,neutral
Amelie_Mauresmo_0018.jpg,neutral
Andrew_Gilligan_0001.jpg,neutral
Phil_Donahue_0001.jpg,neutral
Carrie-Anne_Moss_0005.jpg,neutral
Jayson_Williams_0001.jpg,neutral
George_W_Bush_0461.jpg,neutral
Paul_Tracy_0001.jpg,neutral
Don_Nickles_0001.jpg,neutral
Mark_Wahlberg_0001.jpg,neutral
Dileep_32.jpg,neutral
Scott_McClellan_0004.jpg,neutral
Jacques_Chirac_0051.jpg,neutral
Catherine_Woodard_0001.jpg,neutral
Wesley_Clark_0001.jpg,neutral
Pedro_Martinez_0001.jpg,neutral
Grady_Little_0001.jpg,neutral
George_W_Bush_0469.jpg,neutral
George_W_Bush_0140.jpg,neutral
James_Cameron_0001.jpg,neutral
Steve_Fehr_0001.jpg,neutral
Nicole_Kidman_0003.jpg,neutral
Atal_Bihari_Vajpayee_0003.jpg,neutral
Colin_Powell_0018.jpg,neutral
William_Pryor_Jr_0001.jpg,neutral
Ted_Nolan_0001.jpg,neutral
Fidel_Castro_0011.jpg,neutral
Alvaro_Uribe_0013.jpg,neutral
Donald_Rumsfeld_0016.jpg,neutral
Hank_Bass_0001.jpg,neutral
Paul_Bremer_0009.jpg,neutral
Phillip_Fulmer_0001.jpg,neutral
Alfredo_Pena_0001.jpg,neutral
Jose_Maria_Aznar_0007.jpg,neutral
Florencia_Kirchner_0001.jpg,neutral
Bob_Graham_0002.jpg,neutral
Joseph_Estrada_0004.jpg,neutral
Tom_Ridge_0030.jpg,neutral
Robert_Kocharian_0005.jpg,neutral
Dalia_Rabin-Pelosoff_0001.jpg,neutral
Nicholas_Tse_0001.jpg,neutral
FaridaJalal_83.jpg,neutral
George_W_Bush_0084.jpg,neutral
Jerry_Springer_0002.jpg,neutral
Lucia_Kenny_Anthony_0001.jpg,neutral
Alejandro_Toledo_0029.jpg,neutral
Eva_Herzigova_0001.jpg,neutral
Jim_Bunning_0001.jpg,neutral
Daniel_Kurtzer_0001.jpg,neutral
Anne_McLellan_0003.jpg,neutral
James_Layug_0001.jpg,neutral
Adam_Sandler_0001.jpg,neutral
Raymond_Arthurs_0001.jpg,neutral
Silvio_Berlusconi_0006.jpg,neutral
Mohammad_Khatami_0002.jpg,neutral
Donald_Rumsfeld_0102.jpg,neutral
Raymond_Odierno_0002.jpg,neutral
Abdullah_Gul_0010.jpg,neutral
Hugo_Chavez_0061.jpg,neutral
Kurt_Thomas_0001.jpg,neutral
Rita_Grande_0002.jpg,neutral
Elgin_Baylor_0001.jpg,neutral
Carly_Fiorina_0002.jpg,neutral
Kirk_Doerger_0001.jpg,neutral
Jake_Gyllenhaal_0001.jpg,neutral
Ciro_Gomes_0004.jpg,neutral
Mike_Martz_0001.jpg,neutral
George_W_Bush_0316.jpg,neutral
Robert_Tyrrell_0001.jpg,neutral
Silvia_Farina_Elia_0001.jpg,neutral
George_W_Bush_0152.jpg,neutral
Steffi_Graf_0004.jpg,neutral
Jean_Chretien_0024.jpg,neutral
Richard_Perle_0001.jpg,neutral
James_McGreevey_0001.jpg,neutral
George_W_Bush_0198.jpg,neutral
Carlos_Ghosn_0001.jpg,neutral
Tariq_Aziz_0006.jpg,neutral
Sue_Johnston_0001.jpg,neutral
Emilio_Botin_0001.jpg,neutral
Juan_Valencia_Osorio_0002.jpg,neutral
Arnold_Schwarzenegger_0019.jpg,neutral
George_W_Bush_0237.jpg,neutral
Colin_Powell_0222.jpg,neutral
Mahmoud_Abbas_0006.jpg,neutral
Donald_Rumsfeld_0063.jpg,neutral
Colin_Powell_0213.jpg,neutral
Andy_Bryant_0001.jpg,neutral
Gerhard_Schroeder_0046.jpg,neutral
Bernard_Landry_0003.jpg,neutral
Andrew_Cuomo_0001.jpg,neutral
Gordon_Brown_0004.jpg,neutral
Martin_Verkerk_0001.jpg,neutral
Josh_Childress_0001.jpg,neutral
Jean_Chretien_0042.jpg,neutral
George_W_Bush_0047.jpg,neutral
Matt_Anderson_0001.jpg,neutral
Hal_McCoy_0001.jpg,neutral
Vicente_Fox_0016.jpg,neutral
George_W_Bush_0374.jpg,neutral
David_Bowie_0001.jpg,neutral
Intisar_Ajouri_0003.jpg,neutral
Rupert_Grint_0002.jpg,neutral
Richard_Myers_0003.jpg,neutral
George_Karl_0001.jpg,neutral
Jennifer_Capriati_0031.jpg,neutral
Mark_Foley_0001.jpg,neutral
Muhammad_Ali_0005.jpg,neutral
Ahmad_Jbarah_0001.jpg,neutral
Edward_Egan_0001.jpg,neutral
Eric_Rosser_0001.jpg,neutral
Mike_Helton_0002.jpg,neutral
Tom_Daschle_0011.jpg,neutral
Kim_Su_Nam_0001.jpg,neutral
Colin_Powell_0009.jpg,neutral
John_Ashcroft_0049.jpg,neutral
Arminio_Fraga_0003.jpg,neutral
Tatiana_Paus_0001.jpg,neutral
George_W_Bush_0231.jpg,neutral
Venus_Williams_0001.jpg,neutral
Nicolas_Lapentti_0001.jpg,neutral
Vince_Dooley_0001.jpg,neutral
Jennifer_Connelly_0004.jpg,neutral
Jacky_Cheung_0001.jpg,neutral
Jessica_Biel_0001.jpg,neutral
Mick_Jagger_0001.jpg,neutral
Henrique_Meirelles_0002.jpg,neutral
Zach_Safrin_0001.jpg,neutral
Conan_OBrien_0003.jpg,neutral
HrithikRoshan_160.jpg,neutral
Colin_Powell_0029.jpg,neutral
Christine_Gregoire_0003.jpg,neutral
Jeong_Se-hyun_0003.jpg,neutral
Megawati_Sukarnoputri_0007.jpg,neutral
Edmund_Stoiber_0002.jpg,neutral
Tony_Blair_0012.jpg,neutral
Wolfgang_Schwarz_0001.jpg,neutral
Hector_Babenco_0003.jpg,neutral
Luiz_Inacio_Lula_da_Silva_0046.jpg,neutral
George_W_Bush_0334.jpg,neutral
Rio_Ferdinand_0002.jpg,neutral
Lance_Armstrong_0011.jpg,neutral
Tom_Ridge_0016.jpg,neutral
Vladimir_Putin_0010.jpg,neutral
Dudley_Rogers_0001.jpg,neutral
Jeremy_Greenstock_0020.jpg,neutral
Miguel_Jimenez_0001.jpg,neutral
Erick_Barkley_0001.jpg,neutral
Jean_Chretien_0030.jpg,neutral
George_W_Bush_0302.jpg,neutral
Yoriko_Kawaguchi_0007.jpg,neutral
Pierre_Lacroix_0001.jpg,neutral
Iran_Brown_0001.jpg,neutral
George_W_Bush_0419.jpg,neutral
Richard_Virenque_0008.jpg,neutral
Alan_Greenspan_0004.jpg,neutral
George_W_Bush_0301.jpg,neutral
Winona_Ryder_0001.jpg,neutral
Li_Zhaoxing_0002.jpg,neutral
Tomas_Enge_0001.jpg,neutral
Wally_Szczerbiak_0001.jpg,neutral
Jim_Wessling_0001.jpg,neutral
Tom_Ridge_0020.jpg,neutral
Leslie_Wiser_Jr_0001.jpg,neutral
Sharon_Stone_0001.jpg,neutral
George_W_Bush_0303.jpg,neutral
Tom_Craddick_0003.jpg,neutral
Todd_Wike_0001.jpg,neutral
Joy_Lee_Sadler_0001.jpg,neutral
Luiz_Inacio_Lula_da_Silva_0008.jpg,neutral
Jaymon_Crabb_0001.jpg,neutral
Bill_Clinton_0019.jpg,neutral
Ghassan_Elashi_0001.jpg,neutral
Alejandro_Toledo_0028.jpg,neutral
Lleyton_Hewitt_0023.jpg,neutral
John_Negroponte_0029.jpg,neutral
Dileep_73.jpg,neutral
George_W_Bush_0129.jpg,neutral
Ana_Palacio_0007.jpg,neutral
Fidel_Castro_0006.jpg,neutral
Sherry_Irving_0001.jpg,neutral
Saied_Hadi_al_Mudarissi_0001.jpg,neutral
Donald_Rumsfeld_0099.jpg,neutral
Muammar_Gaddafi_0002.jpg,neutral
John_Starks_0001.jpg,neutral
Skip_Prosser_0001.jpg,neutral
Ain_Seppik_0001.jpg,neutral
Al_Sharpton_0004.jpg,neutral
Rudolph_Giuliani_0006.jpg,neutral
Guillermo_Coria_0009.jpg,neutral
Nicola_Wells_0001.jpg,neutral
Djabir_Said-Guerni_0001.jpg,neutral
Judi_Dench_0001.jpg,neutral
Paul_Pierce_0001.jpg,neutral
Eddie_Fenech_Adami_0001.jpg,neutral
Sylvester_Stallone_0003.jpg,neutral
Hunter_Bates_0001.jpg,neutral
Susan_Collins_0001.jpg,neutral
Paul_Henderson_0001.jpg,neutral
Mohammad_Khatami_0006.jpg,neutral
George_Ryan_0003.jpg,neutral
Carlos_Moya_0011.jpg,neutral
Princess_Caroline_0005.jpg,neutral
Luiz_Inacio_Lula_da_Silva_0002.jpg,neutral
Vicente_Fox_0002.jpg,neutral
Felipe_Perez_Roque_0003.jpg,neutral
Xavier_Malisse_0004.jpg,neutral
Josh_Kronfeld_0001.jpg,neutral
Jason_Vale_0001.jpg,neutral
Ariel_Sharon_0067.jpg,neutral
Arnaud_Clement_0002.jpg,neutral
Bill_Byrne_0001.jpg,neutral
Imelda_Marcos_0001.jpg,neutral
HrithikRoshan_79.jpg,neutral
Luiz_Inacio_Lula_da_Silva_0028.jpg,neutral
Walter_Annenberg_0001.jpg,neutral
Juan_Valencia_Osorio_0001.jpg,neutral
Jake_Brace_0001.jpg,neutral
Bill_Clinton_0017.jpg,neutral
Gary_Coleman_0001.jpg,neutral
Heizo_Takenaka_0006.jpg,neutral
Brad_Johnson_0001.jpg,neutral
Kim_Gandy_0001.jpg,neutral
Horst_Koehler_0002.jpg,neutral
Tim_Henman_0018.jpg,neutral
Victoria_Beckham_0003.jpg,neutral
Patrick_McEnroe_0002.jpg,neutral
Mahdi_Al_Bassam_0001.jpg,neutral
HrithikRoshan_87.jpg,neutral
Marcelo_Rios_0005.jpg,neutral
Alex_Gonzalez_0001.jpg,neutral
Marcos_Daniel_Jimenez_0001.jpg,neutral
Win_Aung_0002.jpg,neutral
Denzel_Washington_0004.jpg,neutral
Vaclav_Klaus_0001.jpg,neutral
Bill_Clinton_0010.jpg,neutral
Mile_Mrksic_0001.jpg,neutral
Jennifer_Capriati_0041.jpg,neutral
Ahmed_Chalabi_0003.jpg,neutral
George_W_Bush_0023.jpg,neutral
John_Negroponte_0020.jpg,neutral
Prince_Naruhito_0003.jpg,neutral
Giuseppe_Gibilisco_0004.jpg,neutral
Roger_Corbett_0001.jpg,neutral
Tom_Ridge_0031.jpg,neutral
Carla_Sullivan_0001.jpg,neutral
Ahmed_Ibrahim_Bilal_0001.jpg,neutral
George_W_Bush_0333.jpg,neutral
John_Allen_Muhammad_0003.jpg,neutral
Mario_Alfaro-Lopez_0001.jpg,neutral
Guillermo_Coria_0016.jpg,neutral
Donald_Rumsfeld_0015.jpg,neutral
Bobby_Robson_0002.jpg,neutral
Ann_Veneman_0001.jpg,neutral
David_Beckham_0024.jpg,neutral
Paul_Wolfowitz_0010.jpg,neutral
Colin_Powell_0102.jpg,neutral
Akbar_Hashemi_Rafsanjani_0002.jpg,neutral
David_Nalbandian_0014.jpg,neutral
Gerhard_Schroeder_0018.jpg,neutral
Julian_Battle_0001.jpg,neutral
John_Snow_0017.jpg,neutral
Priscilla_Owen_0001.jpg,neutral
Jean_Chretien_0052.jpg,neutral
Catherine_Deneuve_0004.jpg,neutral
Maria_Garcia_0001.jpg,neutral
Trevor_McDonald_0001.jpg,neutral
Guillermo_Coria_0027.jpg,neutral
Daniel_Pearl_0001.jpg,neutral
Silvia_Farina_Elia_0003.jpg,neutral
Jiang_Zemin_0010.jpg,neutral
Thomas_Wyman_0002.jpg,neutral
Lindsay_Davenport_0003.jpg,neutral
Michelangelo_Antonioni_0001.jpg,neutral
Martin_Lawrence_0001.jpg,neutral
Donald_Rumsfeld_0087.jpg,neutral
Felipe_Perez_Roque_0004.jpg,neutral
Daryl_Jones_0001.jpg,neutral
Aron_Ralston_0002.jpg,neutral
Jeremy_Greenstock_0007.jpg,neutral
Michael_Chiklis_0001.jpg,neutral
Patrick_Kron_0001.jpg,neutral
John_Ashcroft_0015.jpg,neutral
David_Donohue_0001.jpg,neutral
Jorge_Enrique_Jimenez_0001.jpg,neutral
Donald_Regan_0001.jpg,neutral
Darrell_Porter_0002.jpg,neutral
Gary_Locke_0001.jpg,neutral
Steven_Craig_0001.jpg,neutral
Thomas_OBrien_0001.jpg,neutral
Atal_Bihari_Vajpayee_0011.jpg,neutral
George_W_Bush_0171.jpg,neutral
Nelson_Acosta_0001.jpg,neutral
Colin_Powell_0088.jpg,neutral
Marcelo_Salas_0001.jpg,neutral
George_Robertson_0005.jpg,neutral
Jack_Straw_0023.jpg,neutral
Tyrone_Medley_0001.jpg,neutral
Nur_Jaafar_0001.jpg,neutral
Marco_Antonio_Barrera_0001.jpg,neutral
James_Blake_0006.jpg,neutral
Fidel_Castro_0005.jpg,neutral
Sean_OKeefe_0005.jpg,neutral
John_Allen_Muhammad_0009.jpg,neutral
Fernando_Gonzalez_0002.jpg,neutral
John_Howard_0015.jpg,neutral
Colin_Powell_0115.jpg,neutral
Wayne_Allard_0001.jpg,neutral
Julie_Gerberding_0003.jpg,neutral
Glafcos_Clerides_0003.jpg,neutral
Winona_Ryder_0004.jpg,neutral
Dean_Barkley_0001.jpg,neutral
Arturo_Gatti_0001.jpg,neutral
Queen_Elizabeth_II_0013.jpg,neutral
Dan_Bartlett_0001.jpg,neutral
Al_Sharpton_0007.jpg,neutral
Michael_Powell_0004.jpg,neutral
Khader_Rashid_Rahim_0001.jpg,neutral
Vladimir_Golovlyov_0001.jpg,neutral
Osama_bin_Laden_0001.jpg,neutral
Gordon_Brown_0008.jpg,neutral
Paige_Fitzgerald_0001.jpg,neutral
Thaksin_Shinawatra_0001.jpg,neutral
Akbar_Hashemi_Rafsanjani_0001.jpg,neutral
Ricardo_Sanchez_0003.jpg,neutral
Mahathir_Mohamad_0005.jpg,neutral
Gregg_Popovich_0002.jpg,neutral
Tori_Amos_0001.jpg,neutral
Doug_Collins_0001.jpg,neutral
Anzori_Kikalishvili_0001.jpg,neutral
Joseph_Ralston_0001.jpg,neutral
Lindsey_Graham_0002.jpg,neutral
Paul_Byrd_0001.jpg,neutral
Imad_Khadduri_0001.jpg,neutral
Carly_Fiorina_0003.jpg,neutral
Itzhak_Perlman_0001.jpg,neutral
Tim_Robbins_0003.jpg,neutral
Jia_Qinglin_0002.jpg,neutral
Gloria_Macapagal_Arroyo_0023.jpg,neutral
Adolfo_Aguilar_Zinser_0003.jpg,neutral
Steve_Ballmer_0002.jpg,neutral
John_Negroponte_0027.jpg,neutral
Gus_Van_Sant_0001.jpg,neutral
Dan_Wheldon_0002.jpg,neutral
Al_Sharpton_0002.jpg,neutral
Peter_Hollingworth_0001.jpg,neutral
Tirunesh_Dibaba_0001.jpg,neutral
Lionel_Chalmers_0001.jpg,neutral
Igor_Ivanov_0003.jpg,neutral
Randall_Tobias_0001.jpg,neutral
Clint_Eastwood_0002.jpg,neutral
Gregory_Hines_0001.jpg,neutral
Vladimir_Spidla_0001.jpg,neutral
Mark_Philippoussis_0007.jpg,neutral
Leonid_Kuchma_0001.jpg,neutral
David_Suazo_0001.jpg,neutral
Angelo_Reyes_0001.jpg,neutral
Serena_Williams_0033.jpg,neutral
Lee_Ann_Knight_0001.jpg,neutral
Jacques_Rogge_0005.jpg,neutral
Kent_Rominger_0001.jpg,neutral
Tony_Blair_0124.jpg,neutral
Justin_Timberlake_0007.jpg,neutral
Eduardo_Chillida_0001.jpg,neutral
Leo_Mullin_0001.jpg,neutral
Jeanne_Moreau_0001.jpg,neutral
Svend_Aage_Jensby_0001.jpg,neutral
Amer_al-Saadi_0003.jpg,neutral
Donald_Rumsfeld_0091.jpg,neutral
Dileep_22.jpg,neutral
Harry_Schmidt_0001.jpg,neutral
Bob_Taft_0001.jpg,neutral
DAngelo_Jimenez_0001.jpg,neutral
Peter_Struck_0004.jpg,neutral
Guillermo_Coria_0026.jpg,neutral
Pete_Sampras_0011.jpg,neutral
Tom_Daschle_0018.jpg,neutral
David_Tornberg_0001.jpg,neutral
Se_Hyuk_Joo_0001.jpg,neutral
Spencer_Abraham_0005.jpg,neutral
Richard_Armitage_0002.jpg,neutral
Winona_Ryder_0024.jpg,neutral
Sergey_Lavrov_0005.jpg,neutral
Peter_Bacanovic_0002.jpg,neutral
Andrew_Jarecki_0001.jpg,neutral
Serena_Williams_0040.jpg,neutral
Marcelo_Bielsa_0001.jpg,neutral
George_W_Bush_0162.jpg,neutral
Fernando_Henrique_Cardoso_0002.jpg,neutral
Osama_bin_Laden_0004.jpg,neutral
Jayamadhuri_147.jpg,neutral
Abbas_Kiarostami_0001.jpg,neutral
Diana_Taurasi_0002.jpg,neutral
Donna_Walker_0001.jpg,neutral
Pervez_Musharraf_0017.jpg,neutral
Doug_Melvin_0001.jpg,neutral
Tony_Blair_0058.jpg,neutral
Marc_Grossman_0002.jpg,neutral
Ann_Veneman_0011.jpg,neutral
Roy_Williams_0004.jpg,neutral
Paul_Shanley_0003.jpg,neutral
Yevgeny_Kafelnikov_0004.jpg,neutral
Colin_Powell_0025.jpg,neutral
Queen_Elizabeth_II_0002.jpg,neutral
Damon_van_Dam_0002.jpg,neutral
Vladimir_Putin_0045.jpg,neutral
Ariel_Sharon_0073.jpg,neutral
Khalid_Qazi_0001.jpg,neutral
Irfan_Ahmed_0001.jpg,neutral
George_W_Bush_0366.jpg,neutral
Frank_Stallone_0001.jpg,neutral
Antonio_Palocci_0001.jpg,neutral
Arturo_Gatti_0003.jpg,neutral
John_Cusack_0002.jpg,neutral
George_W_Bush_0297.jpg,neutral
John_F_Kennedy_Jr_0001.jpg,neutral
Raja_Ramani_0001.jpg,neutral
George_W_Bush_0323.jpg,neutral
Tony_Blair_0029.jpg,neutral
John_Ashcroft_0047.jpg,neutral
Robert_Weitzel_0001.jpg,neutral
Tamara_Stokes_0001.jpg,neutral
Vladimir_Putin_0031.jpg,neutral
Herta_Daeubler-Gmelin_0002.jpg,neutral
Luiz_Inacio_Lula_da_Silva_0018.jpg,neutral
Sergei_Ivanov_0003.jpg,neutral
Mark_Cuban_0001.jpg,neutral
Jean_Chretien_0012.jpg,neutral
Tony_Blair_0130.jpg,neutral
Michael_Rolinee_0001.jpg,neutral
John_McCain_0006.jpg,neutral
Monica_Bellucci_0003.jpg,neutral
Colin_Powell_0120.jpg,neutral
Donald_Rumsfeld_0054.jpg,neutral
Gordon_Brown_0005.jpg,neutral
Juan_Ignacio_Chela_0001.jpg,neutral
Tom_Daschle_0014.jpg,neutral
FaridaJalal_70.jpg,neutral
James_Gandolfini_0002.jpg,neutral
Bill_Gates_0003.jpg,neutral
George_W_Bush_0293.jpg,neutral
Lee_Hong-ki_0001.jpg,neutral
Larry_Templeton_0001.jpg,neutral
Joe_Lieberman_0010.jpg,neutral
Willis_Roberts_0001.jpg,neutral
HrithikRoshan_96.jpg,neutral
George_W_Bush_0100.jpg,neutral
Juanes_0002.jpg,neutral
George_W_Bush_0277.jpg,neutral
Andrew_Bunner_0001.jpg,neutral
Jack_Straw_0012.jpg,neutral
Federico_Trillo_0003.jpg,neutral
Ronaldo_Luis_Nazario_de_Lima_0002.jpg,neutral
Chyung_Dai-chul_0001.jpg,neutral
Donald_Rumsfeld_0074.jpg,neutral
Geoff_Hoon_0007.jpg,neutral
Jacqueline_Marris_0001.jpg,neutral
Ernie_Eves_0002.jpg,neutral
Bill_Callahan_0003.jpg,neutral
Gerhard_Schroeder_0106.jpg,neutral
William_Hurt_0001.jpg,neutral
Jim_Abbott_0001.jpg,neutral
Prince_Claus_0004.jpg,neutral
Evander_Holyfield_0002.jpg,neutral
Tom_Kelly_0001.jpg,neutral
Barry_Switzer_0001.jpg,neutral
Farouk_al-Sharaa_0001.jpg,neutral
Jacques_Chirac_0030.jpg,neutral
Jong_Wook_Lee_0001.jpg,neutral
Rafeeuddin_Ahmed_0001.jpg,neutral
Gray_Davis_0002.jpg,neutral
Franz_Fischler_0002.jpg,neutral
Franco_Dragone_0001.jpg,neutral
Gerardo_Gambala_0002.jpg,neutral
Gray_Davis_0023.jpg,neutral
Joe_Nichols_0002.jpg,neutral
Mukhtar_Alytnbayev_0001.jpg,neutral
Abdel_Nasser_Assidi_0001.jpg,neutral
Naoto_Kan_0002.jpg,neutral
David_Nalbandian_0007.jpg,neutral
Laurent_Gbagbo_0002.jpg,neutral
Alberto_Acosta_0001.jpg,neutral
Ted_Washington_0001.jpg,neutral
Tom_Daschle_0008.jpg,neutral
Humberto_Coelho_0001.jpg,neutral
Darla_Moore_0001.jpg,neutral
Colin_Powell_0200.jpg,neutral
Mo_Elleithee_0001.jpg,neutral
George_W_Bush_0242.jpg,neutral
Mark_Richt_0001.jpg,neutral
Gerhard_Schroeder_0062.jpg,neutral
Jennifer_Lopez_0020.jpg,neutral
Shane_Loux_0001.jpg,neutral
Sylvester_Stallone_0001.jpg,neutral
Hans_Blix_0023.jpg,neutral
Dileep_102.jpg,neutral
Nanni_Moretti_0001.jpg,neutral
Howard_Stern_0001.jpg,neutral
Mike_Krzyzewski_0001.jpg,neutral
Bill_Gates_0013.jpg,neutral
George_W_Bush_0156.jpg,neutral
Anna_Kournikova_0010.jpg,neutral
Bill_Clinton_0001.jpg,neutral
Duncan_Fletcher_0001.jpg,neutral
Alejandro_Toledo_0002.jpg,neutral
Horacio_de_Jesus_Montoya_0001.jpg,neutral
Bobo_Balde_0001.jpg,neutral
Joseph_Lopez_0001.jpg,neutral
Julie_Taymor_0002.jpg,neutral
Masum_Turker_0001.jpg,neutral
Paul_Cerjan_0001.jpg,neutral
Juan_Roman_Carrasco_0001.jpg,neutral
Jose_Dirceu_0001.jpg,neutral
Laurence_Fishburne_0001.jpg,neutral
Ilan_Goldfajn_0001.jpg,neutral
Alison_Lohman_0002.jpg,neutral
Joe_Calzaghe_0002.jpg,neutral
Tony_Blair_0032.jpg,neutral
Mahmoud_Abbas_0023.jpg,neutral
Norman_Mailer_0001.jpg,neutral
George_W_Bush_0078.jpg,neutral
Donald_Rumsfeld_0006.jpg,neutral
Carlos_Quintanilla_Schmidt_0002.jpg,neutral
Richard_Myers_0002.jpg,neutral
Jayamadhuri_149.jpg,neutral
Tom_Harkin_0002.jpg,neutral
Johnny_Unitas_0002.jpg,neutral
Mahmoud_Abbas_0015.jpg,neutral
Anthony_Hopkins_0002.jpg,neutral
Venus_Williams_0016.jpg,neutral
Gerhard_Schroeder_0087.jpg,neutral
Moby_0001.jpg,neutral
Mark_Philippoussis_0006.jpg,neutral
Mikhail_Kasyanov_0002.jpg,neutral
Isabel_Orellana_0001.jpg,neutral
Cesar_Gaviria_0007.jpg,neutral
Jiri_Novak_0008.jpg,neutral
John_Kerry_0004.jpg,neutral
Kamal_Kharrazi_0003.jpg,neutral
Asa_Hutchinson_0002.jpg,neutral
Tom_Daschle_0021.jpg,neutral
Sahim_Alwan_0001.jpg,neutral
Bulent_Ecevit_0004.jpg,neutral
Gennifer_Flowers_0001.jpg,neutral
George_W_Bush_0420.jpg,neutral
Jonathan_Karsh_0001.jpg,neutral
John_Robbins_0001.jpg,neutral
John_Lisowski_0001.jpg,neutral
George_Karl_0002.jpg,neutral
Marc_Racicot_0001.jpg,neutral
John_Leguizamo_0001.jpg,neutral
Frank_Solich_0003.jpg,neutral
William_Hochul_0001.jpg,neutral
Carlos_Menem_0009.jpg,neutral
Bill_Gates_0014.jpg,neutral
Mike_Szymanczyk_0001.jpg,neutral
Lord_Hutton_0001.jpg,neutral
George_W_Bush_0108.jpg,neutral
George_Voinovich_0003.jpg,neutral
Russell_Crowe_0001.jpg,neutral
Bob_Holden_0001.jpg,neutral
Ben_Glisan_0001.jpg,neutral
Barbara_Bodine_0001.jpg,neutral
Patrick_Stewart_0002.jpg,neutral
Junichiro_Koizumi_0044.jpg,neutral
Yuri_Luzhkov_0001.jpg,neutral
Sam_Bith_0003.jpg,neutral
Randall_Terry_0001.jpg,neutral
George_W_Bush_0369.jpg,neutral
Queen_Rania_0004.jpg,neutral
Jerry_Jones_0001.jpg,neutral
Stephen_Funk_0001.jpg,neutral
Francisco_Flores_0002.jpg,neutral
George_W_Bush_0480.jpg,neutral
Carlos_Alberto_Parreira_0001.jpg,neutral
Greg_Rusedski_0001.jpg,neutral
Kim_Ryong-sung_0002.jpg,neutral
Ken_Macha_0001.jpg,neutral
Mike_Miller_0001.jpg,neutral
Judd_Davies_0001.jpg,neutral
Garth_Drabinsky_0001.jpg,neutral
Marilyn_Monroe_0001.jpg,neutral
Michael_Douglas_0004.jpg,neutral
Dileep_21.jpg,neutral
Nicole_Kidman_0017.jpg,neutral
Michael_Bloomberg_0009.jpg,neutral
Lance_Armstrong_0015.jpg,neutral
Travis_Rudolph_0001.jpg,neutral
FaridaJalal_68.jpg,neutral
David_Provost_0001.jpg,neutral
Michael_Bouchard_0001.jpg,neutral
Robert_Flodquist_0001.jpg,neutral
Christine_Baumgartner_0002.jpg,neutral
Eric_Shinseki_0001.jpg,neutral
Adrian_Nastase_0001.jpg,neutral
Jawad_Boulus_0001.jpg,neutral
Mary_Robinson_0001.jpg,neutral
Takeo_Fukui_0001.jpg,neutral
Winona_Ryder_0020.jpg,neutral
Amelie_Mauresmo_0006.jpg,neutral
Donald_Rumsfeld_0103.jpg,neutral
Tony_Blair_0034.jpg,neutral
Pedro_Solbes_0002.jpg,neutral
Omar_Vizquel_0001.jpg,neutral
Silvio_Berlusconi_0013.jpg,neutral
Elin_Nordegren_0001.jpg,neutral
Alvaro_Uribe_0024.jpg,neutral
William_Harrison_0001.jpg,neutral
Ronnie_Musgrove_0001.jpg,neutral
Colin_Powell_0069.jpg,neutral
Paul_Burrell_0005.jpg,neutral
Sean_OKeefe_0002.jpg,neutral
Alisha_Richman_0001.jpg,neutral
Ariel_Sharon_0044.jpg,neutral
Andy_Roddick_0013.jpg,neutral
Bill_Richardson_0001.jpg,neutral
Wu_Peng_0001.jpg,neutral
Grace_Brinell_0001.jpg,neutral
Jack_Straw_0013.jpg,neutral
Mark_Richt_0003.jpg,neutral
George_W_Bush_0199.jpg,neutral
Donald_Rumsfeld_0061.jpg,neutral
Pak_Gil_Yon_0001.jpg,neutral
John_Blaney_0001.jpg,neutral
Jesse_James_0001.jpg,neutral
Kate_Winslet_0003.jpg,neutral
Jeong_Se-hyun_0006.jpg,neutral
George_W_Bush_0448.jpg,neutral
Dick_Cheney_0003.jpg,neutral
Ruth_Pearce_0001.jpg,neutral
John_Salazar_0001.jpg,neutral
Geoff_Dixon_0001.jpg,neutral
John_Timoney_0001.jpg,neutral
George_W_Bush_0433.jpg,neutral
George_W_Bush_0087.jpg,neutral
Juan_Carlos_Ferrero_0018.jpg,neutral
Casey_Mears_0001.jpg,neutral
Venus_Williams_0013.jpg,neutral
Martin_Luther_King_III_0001.jpg,neutral
Brent_Coles_0001.jpg,neutral
Christine_Arron_0001.jpg,neutral
James_Kopp_0003.jpg,neutral
Bob_Graham_0003.jpg,neutral
Rick_Romley_0001.jpg,neutral
Kofi_Annan_0017.jpg,neutral
Jack_Welch_0001.jpg,neutral
Tony_Blair_0116.jpg,neutral
Diane_Green_0002.jpg,neutral
Mark_Leno_0001.jpg,neutral
Gerry_Adams_0001.jpg,neutral
Len_Jenoff_0002.jpg,neutral
Hiroki_Gomi_0001.jpg,neutral
Serena_Williams_0035.jpg,neutral
Eugene_Melnyk_0001.jpg,neutral
Mike_Duke_0001.jpg,neutral
Mohamed_ElBaradei_0001.jpg,neutral
Tanya_Lindenmuth_0001.jpg,neutral
Kevin_Garnett_0001.jpg,neutral
Mark_Lazarus_0001.jpg,neutral
Duane_Lee_Chapman_0002.jpg,neutral
Anna_Kournikova_0006.jpg,neutral
Saeed_Mortazavi_0001.jpg,neutral
Kim_Ryong-sung_0011.jpg,neutral
Paul_ONeill_0008.jpg,neutral
Darryl_Stingley_0001.jpg,neutral
Roger_Penske_0001.jpg,neutral
Ciro_Gomes_0001.jpg,neutral
John_Ashcroft_0051.jpg,neutral
Michael_Hagee_0001.jpg,neutral
Hideki_Matsui_0002.jpg,neutral
Michael_Schumacher_0005.jpg,neutral
Ahmad_Masood_0001.jpg,neutral
Alejandro_Toledo_0011.jpg,neutral
Ernesto_Zedillo_0001.jpg,neutral
Bruce_Springsteen_0001.jpg,neutral
Alejandro_Avila_0003.jpg,neutral
Gerhard_Schroeder_0045.jpg,neutral
John_Snow_0005.jpg,neutral
Recep_Tayyip_Erdogan_0030.jpg,neutral
Colin_Powell_0068.jpg,neutral
Janet_Crawford_0001.jpg,neutral
Dale_Earnhardt_0001.jpg,neutral
Mohammed_Dahlan_0001.jpg,neutral
John_Allen_Muhammad_0006.jpg,neutral
Gerhard_Schroeder_0065.jpg,neutral
Keith_Snyder_0001.jpg,neutral
George_HW_Bush_0008.jpg,neutral
Junichiro_Koizumi_0057.jpg,neutral
Vitali_Klitschko_0001.jpg,neutral
John_Banko_0001.jpg,neutral
Clare_Latimer_0001.jpg,neutral
Matthew_Perry_0001.jpg,neutral
George_W_Bush_0142.jpg,neutral
Hamid_Karzai_0008.jpg,neutral
Damon_van_Dam_0001.jpg,neutral
Lokendra_Bahadur_Chand_0001.jpg,neutral
Steve_Backley_0001.jpg,neutral
George_W_Bush_0449.jpg,neutral
Sergey_Lavrov_0004.jpg,neutral
Randy_Johnson_0001.jpg,neutral
Jim_Furyk_0002.jpg,neutral
George_W_Bush_0081.jpg,neutral
Rudolph_Holton_0001.jpg,neutral
George_W_Bush_0315.jpg,neutral
Karl-Heinz_Rummenigge_0001.jpg,neutral
Alex_Penelas_0002.jpg,neutral
Caroline_Kennedy_0001.jpg,neutral
Gro_Harlem_Brundtland_0001.jpg,neutral
Lance_Bass_0005.jpg,neutral
Priscilla_Presley_0001.jpg,neutral
Michael_Ballack_0001.jpg,neutral
Jim_Harrick_0002.jpg,neutral
Jim_Jeffords_0001.jpg,neutral
Harold_Scott_0001.jpg,neutral
Taha_Yassin_Ramadan_0009.jpg,neutral
Winona_Ryder_0014.jpg,neutral
Rosny_Desroches_0001.jpg,neutral
David_Blaine_0001.jpg,neutral
Kim_Dae-jung_0006.jpg,neutral
Marcelo_Rios_0002.jpg,neutral
Hu_Jintao_0011.jpg,neutral
Al_Gore_0005.jpg,neutral
George_W_Bush_0074.jpg,neutral
Patrick_Clawsen_0001.jpg,neutral
Sepp_Blatter_0003.jpg,neutral
Mark_Hamister_0002.jpg,neutral
William_Burns_0001.jpg,neutral
Tiger_Woods_0012.jpg,neutral
George_W_Bush_0352.jpg,neutral
Ariel_Sharon_0054.jpg,neutral
Carlos_Moya_0003.jpg,neutral
John_Manley_0005.jpg,neutral
Lim_Dong-won_0001.jpg,neutral
Almeida_Baptista_0001.jpg,neutral
Fred_Durst_0001.jpg,neutral
Mahmoud_Abbas_0013.jpg,neutral
Mikhail_Wehbe_0003.jpg,neutral
Zhu_Rongji_0006.jpg,neutral
Mian_Khursheed_Mehmood_Kasuri_0001.jpg,neutral
Ricardo_Sanchez_0002.jpg,neutral
Jacques_Chirac_0029.jpg,neutral
Richard_Gere_0007.jpg,neutral
Ana_Palacio_0006.jpg,neutral
Annie_Machon_0001.jpg,neutral
Rod_Stewart_0001.jpg,neutral
Luis_Figo_0003.jpg,neutral
Abdullah_Gul_0008.jpg,neutral
George_W_Bush_0498.jpg,neutral
Maureen_Fanning_0001.jpg,neutral
Gray_Davis_0012.jpg,neutral
Michael_Powell_0005.jpg,neutral
Ali_Naimi_0001.jpg,neutral
Zach_Parise_0001.jpg,neutral
Amelie_Mauresmo_0019.jpg,neutral
Kim_Ryong-sung_0004.jpg,neutral
Scott_McClellan_0001.jpg,neutral
Alicia_Molik_0001.jpg,neutral
Sandra_Banning_0001.jpg,neutral
Fabrice_Santoro_0002.jpg,neutral
Jefferson_Perez_0002.jpg,neutral
Dominique_de_Villepin_0009.jpg,neutral
Gerhard_Schroeder_0054.jpg,neutral
Atal_Bihari_Vajpayee_0004.jpg,neutral
Jean_Chretien_0013.jpg,neutral
Vladimir_Putin_0035.jpg,neutral
Mehmet_Okur_0001.jpg,neutral
David_Heymann_0005.jpg,neutral
Mike_Myers_0001.jpg,neutral
Lloyd_Ward_0001.jpg,neutral
Martin_McGuinness_0002.jpg,neutral
Gordana_Grubin_0001.jpg,neutral
Sue_Wicks_0001.jpg,neutral
Ted_Maher_0001.jpg,neutral
Tom_Ridge_0013.jpg,neutral
Catherine_Ndereba_0001.jpg,neutral
Michael_Jordan_0002.jpg,neutral
Spike_Lee_0001.jpg,neutral
Dan_Prinster_0001.jpg,neutral
Dennis_Powell_0001.jpg,neutral
Steve_McManaman_0001.jpg,neutral
John_Ashcroft_0050.jpg,neutral
Alejandro_Atchugarry_0001.jpg,neutral
George_W_Bush_0029.jpg,neutral
Angelina_Jolie_0020.jpg,neutral
Colin_Powell_0093.jpg,neutral
Boris_Becker_0005.jpg,neutral
Phil_Cline_0001.jpg,neutral
Rod_Blagojevich_0002.jpg,neutral
Carlos_Salinas_0001.jpg,neutral
Christine_Gregoire_0002.jpg,neutral
Momir_Nikolic_0001.jpg,neutral
Sebastien_Grosjean_0004.jpg,neutral
Paul_Burrell_0006.jpg,neutral
Amr_Moussa_0001.jpg,neutral
Arnold_Schwarzenegger_0017.jpg,neutral
Cassandra_Heise_0001.jpg,neutral
Jude_Law_0001.jpg,neutral
Sofia_Milos_0001.jpg,neutral
Takashi_Sorimachi_0001.jpg,neutral
Bill_Guerin_0001.jpg,neutral
Thomas_Watjen_0001.jpg,neutral
Mohammed_Al-Douri_0002.jpg,neutral
Michael_Moore_0002.jpg,neutral
Colin_Powell_0191.jpg,neutral
Andre_Agassi_0033.jpg,neutral
Jamie_Cooke_0001.jpg,neutral
Charlotte_Rampling_0001.jpg,neutral
HrithikRoshan_104.jpg,neutral
Ozzy_Osbourne_0003.jpg,neutral
Jose_Luis_Santiago_Vasconcelos_0001.jpg,neutral
Jiang_Zemin_0011.jpg,neutral
Paul_Sarbanes_0003.jpg,neutral
Gabriel_Farhi_0001.jpg,neutral
Gunter_Pleuger_0007.jpg,neutral
Michael_Shane_Jolly_0001.jpg,neutral
Mohamed_Benaissa_0002.jpg,neutral
Charles_Moose_0009.jpg,neutral
Hamza_Atiya_Muhsen_0001.jpg,neutral
Jiang_Zemin_0016.jpg,neutral
Michael_Chang_0003.jpg,neutral
Patrick_Leahy_0002.jpg,neutral
Mohammad_Hasanein_0001.jpg,neutral
Colin_Powell_0152.jpg,neutral
Dick_Cheney_0005.jpg,neutral
Bob_Krueger_0001.jpg,neutral
Antonio_Bernardo_0001.jpg,neutral
Frank_Van_Ecke_0001.jpg,neutral
Terry_Hoeppner_0001.jpg,neutral
Zahir_Shah_0001.jpg,neutral
McGuire_Gibson_0001.jpg,neutral
Donna_Ralston_0001.jpg,neutral
Colin_Powell_0012.jpg,neutral
HrithikRoshan_185.jpg,neutral
Chris_Andrews_0001.jpg,neutral
Erik_Morales_0002.jpg,neutral
George_W_Bush_0327.jpg,neutral
Elvis_Presley_0001.jpg,neutral
Jeremy_Greenstock_0021.jpg,neutral
Jean_Chretien_0039.jpg,neutral
Gerard_Depardieu_0002.jpg,neutral
Gerhard_Schroeder_0063.jpg,neutral
George_P_Bush_0002.jpg,neutral
Janusz_Kaminski_0001.jpg,neutral
Michael_Keaton_0001.jpg,neutral
Rainer_Schuettler_0005.jpg,neutral
Angelina_Jolie_0007.jpg,neutral
Carlos_Ruiz_0003.jpg,neutral
Zoran_Djindjic_0003.jpg,neutral
Roberto_Carlos_0002.jpg,neutral
Alastair_Campbell_0004.jpg,neutral
Qusai_Hussein_0001.jpg,neutral
George_W_Bush_0304.jpg,neutral
Christine_Rau_0001.jpg,neutral
Qais_al-Kazali_0001.jpg,neutral
Boris_Berezovsky_0002.jpg,neutral
Jan-Michael_Gambill_0001.jpg,neutral
Thomas_Fargo_0001.jpg,neutral
Bill_Curry_0001.jpg,neutral
Tim_Henman_0007.jpg,neutral
Colin_Powell_0126.jpg,neutral
Guenter_Verheugen_0001.jpg,neutral
George_W_Bush_0279.jpg,neutral
Li_Changchun_0001.jpg,neutral
Saddam_Hussein_0017.jpg,neutral
Brandon_Knight_0001.jpg,neutral
Adrian_McPherson_0001.jpg,neutral
Winona_Ryder_0022.jpg,neutral
Juan_Carlos_Ferrero_0028.jpg,neutral
Rod_Thorn_0001.jpg,neutral
John_Negroponte_0031.jpg,neutral
Tony_Blair_0113.jpg,neutral
Jamie_Dimon_0001.jpg,neutral
Al_Sharpton_0001.jpg,neutral
Slobodan_Milosevic_0003.jpg,neutral
John_Warner_0004.jpg,neutral
Gordon_Brown_0001.jpg,neutral
Lee_Ann_Terlaji_0001.jpg,neutral
Alvaro_Uribe_0034.jpg,neutral
Carlos_Bianchi_0002.jpg,neutral
Mohammed_Al-Douri_0013.jpg,neutral
George_W_Bush_0460.jpg,neutral
Michael_Schumacher_0014.jpg,neutral
Susilo_Bambang_Yudhoyono_0003.jpg,neutral
Roy_Moore_0005.jpg,neutral
Martha_Stewart_0003.jpg,neutral
Juan_Carlos_Ferrero_0016.jpg,neutral
Roh_Moo-hyun_0025.jpg,neutral
John_Paul_II_0001.jpg,neutral
Kamal_Kharrazi_0004.jpg,neutral
Brad_Johnson_0004.jpg,neutral
Enos_Slaughter_0001.jpg,neutral
Kemal_Dervis_0003.jpg,neutral
Jean_Chretien_0037.jpg,neutral
Roh_Moo-hyun_0012.jpg,neutral
Freddy_Vasques_Kinchokpe_0001.jpg,neutral
Luis_Figo_0004.jpg,neutral
Alvaro_Uribe_0035.jpg,neutral
Bill_Simon_0002.jpg,neutral
Michael_Munoz_0001.jpg,neutral
Pat_Burns_0002.jpg,neutral
Ben_Cahoon_0001.jpg,neutral
Michel_Kratochvil_0001.jpg,neutral
Yasein_Taher_0001.jpg,neutral
Jacques_Kallis_0001.jpg,neutral
Clint_Eastwood_0004.jpg,neutral
Chanda_Rubin_0005.jpg,neutral
Alice_Fisher_0001.jpg,neutral
Paul_Luvera_0001.jpg,neutral
Charles_Holzner_0001.jpg,neutral
Spencer_Abraham_0001.jpg,neutral
Jean-Pierre_Raffarin_0005.jpg,neutral
Megawati_Sukarnoputri_0023.jpg,neutral
George_W_Bush_0310.jpg,neutral
Tom_Ridge_0008.jpg,neutral
