Javier_Vazquez_0001.jpg,surprise
James_Blake_0010.jpg,surprise
Jaouad_Gharib_0001.jpg,surprise
Shoshannah_Stern_0001.jpg,surprise
Wayne_Ferreira_0004.jpg,surprise
George_W_Bush_0056.jpg,surprise
Mike_Montgomery_0002.jpg,surprise
Luis_Horna_0002.jpg,surprise
James_Blake_0012.jpg,surprise
John_Elway_0001.jpg,surprise
Chris_Byrd_0001.jpg,surprise
Marcus_Gronholm_0002.jpg,surprise
Elton_John_0002.jpg,surprise
George_Robertson_0010.jpg,surprise
Steve_Nash_0003.jpg,surprise
Sebastian_Saja_0003.jpg,surprise
Jeane_Kirkpatrick_0001.jpg,surprise
Begum_Khaleda_Zia_0002.jpg,surprise
Fernando_Gonzalez_0005.jpg,surprise
Roberto_Laratro_0001.jpg,surprise
HrithikRoshan_201.jpg,surprise
Amelie_Mauresmo_0002.jpg,surprise
Sergio_Vieira_De_Mello_0002.jpg,surprise
LK_Advani_0001.jpg,surprise
Arthur_Johnson_0001.jpg,surprise
Tom_Crean_0002.jpg,surprise
James_Blake_0014.jpg,surprise
Julie_Gerberding_0015.jpg,surprise
Anders_Fogh_Rasmussen_0001.jpg,surprise
George_W_Bush_0351.jpg,surprise
George_W_Bush_0514.jpg,surprise
Tom_Jones_0001.jpg,surprise
Lleyton_Hewitt_0025.jpg,surprise
George_W_Bush_0507.jpg,surprise
Robert_Blake_0008.jpg,surprise
Lee_Hoi-chang_0003.jpg,surprise
Jennifer_Capriati_0022.jpg,surprise
Raoul_Ruiz_0002.jpg,surprise
Reggie_Sanders_0001.jpg,surprise
Abdullah_Nasseef_0001.jpg,surprise
Bo_Ryan_0001.jpg,surprise
Barry_Alvarez_0001.jpg,surprise
Dileep_17.jpg,surprise
Eddie_Lucio_0001.jpg,surprise
Mike_Myers_0004.jpg,surprise
Lenny_Wilkens_0002.jpg,surprise
Taufik_Hidayat_0001.jpg,surprise
Robert_Duvall_0008.jpg,surprise
George_W_Bush_0017.jpg,surprise
Rubens_Barrichello_0012.jpg,surprise
Beyonce_Knowles_0001.jpg,surprise
Terry_McAuliffe_0002.jpg,surprise
Bill_Simon_0014.jpg,surprise
Jeremy_Wotherspoon_0001.jpg,surprise
Paul_McNulty_0001.jpg,surprise
Helen_Darling_0001.jpg,surprise
Steve_Redgrave_0001.jpg,surprise
Lleyton_Hewitt_0009.jpg,surprise
Megan_Mullally_0002.jpg,surprise
Christoph_Daum_0001.jpg,surprise
George_Lopez_0002.jpg,surprise
Christine_Gregoire_0004.jpg,surprise
Adam_Mair_0001.jpg,surprise
Lynne_Cheney_0003.jpg,surprise
George_W_Bush_0406.jpg,surprise
Gerald_Fitch_0001.jpg,surprise
SharmilaTagore_32.jpg,surprise
Jens_Lehmann_0001.jpg,surprise
Kristen_Breitweiser_0002.jpg,surprise
James_Parker_0002.jpg,surprise
Zhu_Rongji_0005.jpg,surprise
Gregg_Popovich_0005.jpg,surprise
Luiz_Inacio_Lula_da_Silva_0023.jpg,surprise
Antonio_Banderas_0004.jpg,surprise
Jack_Goodman_0001.jpg,surprise
Martin_Rodriguez_0001.jpg,surprise
